,0,1
0,/home/pawan/Project/frogery-react/tampered/with_ela/dataset/ela/fake/000270.jpg,1
1,/home/pawan/Project/frogery-react/tampered/with_ela/dataset/ela/fake/000114.jpg,1
2,/home/pawan/Project/frogery-react/tampered/with_ela/dataset/ela/fake/000306.jpg,1
3,/home/pawan/Project/frogery-react/tampered/with_ela/dataset/ela/fake/000451.jpg,1
4,/home/pawan/Project/frogery-react/tampered/with_ela/dataset/ela/fake/000446.jpg,1
5,/home/pawan/Project/frogery-react/tampered/with_ela/dataset/ela/fake/000104.jpg,1
6,/home/pawan/Project/frogery-react/tampered/with_ela/dataset/ela/fake/000387.jpg,1
7,/home/pawan/Project/frogery-react/tampered/with_ela/dataset/ela/fake/000059.jpg,1
8,/home/pawan/Project/frogery-react/tampered/with_ela/dataset/ela/fake/000360.jpg,1
9,/home/pawan/Project/frogery-react/tampered/with_ela/dataset/ela/fake/000159.jpg,1
10,/home/pawan/Project/frogery-react/tampered/with_ela/dataset/ela/fake/000342.jpg,1
11,/home/pawan/Project/frogery-react/tampered/with_ela/dataset/ela/fake/000225.jpg,1
12,/home/pawan/Project/frogery-react/tampered/with_ela/dataset/ela/fake/000172.jpg,1
13,/home/pawan/Project/frogery-react/tampered/with_ela/dataset/ela/fake/000398.jpg,1
14,/home/pawan/Project/frogery-react/tampered/with_ela/dataset/ela/fake/000170.jpg,1
15,/home/pawan/Project/frogery-react/tampered/with_ela/dataset/ela/fake/000419.jpg,1
16,/home/pawan/Project/frogery-react/tampered/with_ela/dataset/ela/fake/000116.jpg,1
17,/home/pawan/Project/frogery-react/tampered/with_ela/dataset/ela/fake/000219.jpg,1
18,/home/pawan/Project/frogery-react/tampered/with_ela/dataset/ela/fake/000149.jpg,1
19,/home/pawan/Project/frogery-react/tampered/with_ela/dataset/ela/fake/000044.jpg,1
20,/home/pawan/Project/frogery-react/tampered/with_ela/dataset/ela/fake/000452.jpg,1
21,/home/pawan/Project/frogery-react/tampered/with_ela/dataset/ela/fake/000213.jpg,1
22,/home/pawan/Project/frogery-react/tampered/with_ela/dataset/ela/fake/000411.jpg,1
23,/home/pawan/Project/frogery-react/tampered/with_ela/dataset/ela/fake/000454.jpg,1
24,/home/pawan/Project/frogery-react/tampered/with_ela/dataset/ela/fake/000160.jpg,1
25,/home/pawan/Project/frogery-react/tampered/with_ela/dataset/ela/fake/000300.jpg,1
26,/home/pawan/Project/frogery-react/tampered/with_ela/dataset/ela/fake/000319.jpg,1
27,/home/pawan/Project/frogery-react/tampered/with_ela/dataset/ela/fake/000182.jpg,1
28,/home/pawan/Project/frogery-react/tampered/with_ela/dataset/ela/fake/000445.jpg,1
29,/home/pawan/Project/frogery-react/tampered/with_ela/dataset/ela/fake/000027.jpg,1
30,/home/pawan/Project/frogery-react/tampered/with_ela/dataset/ela/fake/000395.jpg,1
31,/home/pawan/Project/frogery-react/tampered/with_ela/dataset/ela/fake/000075.jpg,1
32,/home/pawan/Project/frogery-react/tampered/with_ela/dataset/ela/fake/000239.jpg,1
33,/home/pawan/Project/frogery-react/tampered/with_ela/dataset/ela/fake/000455.jpg,1
34,/home/pawan/Project/frogery-react/tampered/with_ela/dataset/ela/fake/000042.jpg,1
35,/home/pawan/Project/frogery-react/tampered/with_ela/dataset/ela/fake/000388.jpg,1
36,/home/pawan/Project/frogery-react/tampered/with_ela/dataset/ela/fake/000267.jpg,1
37,/home/pawan/Project/frogery-react/tampered/with_ela/dataset/ela/fake/000314.jpg,1
38,/home/pawan/Project/frogery-react/tampered/with_ela/dataset/ela/fake/000203.jpg,1
39,/home/pawan/Project/frogery-react/tampered/with_ela/dataset/ela/fake/000369.jpg,1
40,/home/pawan/Project/frogery-react/tampered/with_ela/dataset/ela/fake/000368.jpg,1
41,/home/pawan/Project/frogery-react/tampered/with_ela/dataset/ela/fake/000347.jpg,1
42,/home/pawan/Project/frogery-react/tampered/with_ela/dataset/ela/fake/000140.jpg,1
43,/home/pawan/Project/frogery-react/tampered/with_ela/dataset/ela/fake/000174.jpg,1
44,/home/pawan/Project/frogery-react/tampered/with_ela/dataset/ela/fake/000256.jpg,1
45,/home/pawan/Project/frogery-react/tampered/with_ela/dataset/ela/fake/000301.jpg,1
46,/home/pawan/Project/frogery-react/tampered/with_ela/dataset/ela/fake/000176.jpg,1
47,/home/pawan/Project/frogery-react/tampered/with_ela/dataset/ela/fake/000461.jpg,1
48,/home/pawan/Project/frogery-react/tampered/with_ela/dataset/ela/fake/000396.jpg,1
49,/home/pawan/Project/frogery-react/tampered/with_ela/dataset/ela/fake/000416.jpg,1
50,/home/pawan/Project/frogery-react/tampered/with_ela/dataset/ela/fake/000214.jpg,1
51,/home/pawan/Project/frogery-react/tampered/with_ela/dataset/ela/fake/000443.jpg,1
52,/home/pawan/Project/frogery-react/tampered/with_ela/dataset/ela/fake/000231.jpg,1
53,/home/pawan/Project/frogery-react/tampered/with_ela/dataset/ela/fake/000094.jpg,1
54,/home/pawan/Project/frogery-react/tampered/with_ela/dataset/ela/fake/000470.jpg,1
55,/home/pawan/Project/frogery-react/tampered/with_ela/dataset/ela/fake/000113.jpg,1
56,/home/pawan/Project/frogery-react/tampered/with_ela/dataset/ela/fake/000161.jpg,1
57,/home/pawan/Project/frogery-react/tampered/with_ela/dataset/ela/fake/000478.jpg,1
58,/home/pawan/Project/frogery-react/tampered/with_ela/dataset/ela/fake/000115.jpg,1
59,/home/pawan/Project/frogery-react/tampered/with_ela/dataset/ela/fake/000462.jpg,1
60,/home/pawan/Project/frogery-react/tampered/with_ela/dataset/ela/fake/000206.jpg,1
61,/home/pawan/Project/frogery-react/tampered/with_ela/dataset/ela/fake/000134.jpg,1
62,/home/pawan/Project/frogery-react/tampered/with_ela/dataset/ela/fake/000362.jpg,1
63,/home/pawan/Project/frogery-react/tampered/with_ela/dataset/ela/fake/000065.jpg,1
64,/home/pawan/Project/frogery-react/tampered/with_ela/dataset/ela/fake/000063.jpg,1
65,/home/pawan/Project/frogery-react/tampered/with_ela/dataset/ela/fake/000033.jpg,1
66,/home/pawan/Project/frogery-react/tampered/with_ela/dataset/ela/fake/000361.jpg,1
67,/home/pawan/Project/frogery-react/tampered/with_ela/dataset/ela/fake/000405.jpg,1
68,/home/pawan/Project/frogery-react/tampered/with_ela/dataset/ela/fake/000081.jpg,1
69,/home/pawan/Project/frogery-react/tampered/with_ela/dataset/ela/fake/000288.jpg,1
70,/home/pawan/Project/frogery-react/tampered/with_ela/dataset/ela/fake/000026.jpg,1
71,/home/pawan/Project/frogery-react/tampered/with_ela/dataset/ela/fake/000004.jpg,1
72,/home/pawan/Project/frogery-react/tampered/with_ela/dataset/ela/fake/000189.jpg,1
73,/home/pawan/Project/frogery-react/tampered/with_ela/dataset/ela/fake/000407.jpg,1
74,/home/pawan/Project/frogery-react/tampered/with_ela/dataset/ela/fake/000374.jpg,1
75,/home/pawan/Project/frogery-react/tampered/with_ela/dataset/ela/fake/000003.jpg,1
76,/home/pawan/Project/frogery-react/tampered/with_ela/dataset/ela/fake/000229.jpg,1
77,/home/pawan/Project/frogery-react/tampered/with_ela/dataset/ela/fake/000469.jpg,1
78,/home/pawan/Project/frogery-react/tampered/with_ela/dataset/ela/fake/000370.jpg,1
79,/home/pawan/Project/frogery-react/tampered/with_ela/dataset/ela/fake/000401.jpg,1
80,/home/pawan/Project/frogery-react/tampered/with_ela/dataset/ela/fake/000260.jpg,1
81,/home/pawan/Project/frogery-react/tampered/with_ela/dataset/ela/fake/000220.jpg,1
82,/home/pawan/Project/frogery-react/tampered/with_ela/dataset/ela/fake/000308.jpg,1
83,/home/pawan/Project/frogery-react/tampered/with_ela/dataset/ela/fake/000389.jpg,1
84,/home/pawan/Project/frogery-react/tampered/with_ela/dataset/ela/fake/000177.jpg,1
85,/home/pawan/Project/frogery-react/tampered/with_ela/dataset/ela/fake/000287.jpg,1
86,/home/pawan/Project/frogery-react/tampered/with_ela/dataset/ela/fake/000165.jpg,1
87,/home/pawan/Project/frogery-react/tampered/with_ela/dataset/ela/fake/000037.jpg,1
88,/home/pawan/Project/frogery-react/tampered/with_ela/dataset/ela/fake/000252.jpg,1
89,/home/pawan/Project/frogery-react/tampered/with_ela/dataset/ela/fake/000188.jpg,1
90,/home/pawan/Project/frogery-react/tampered/with_ela/dataset/ela/fake/000031.jpg,1
91,/home/pawan/Project/frogery-react/tampered/with_ela/dataset/ela/fake/000472.jpg,1
92,/home/pawan/Project/frogery-react/tampered/with_ela/dataset/ela/fake/000143.jpg,1
93,/home/pawan/Project/frogery-react/tampered/with_ela/dataset/ela/fake/000329.jpg,1
94,/home/pawan/Project/frogery-react/tampered/with_ela/dataset/ela/fake/000466.jpg,1
95,/home/pawan/Project/frogery-react/tampered/with_ela/dataset/ela/fake/000394.jpg,1
96,/home/pawan/Project/frogery-react/tampered/with_ela/dataset/ela/fake/000098.jpg,1
97,/home/pawan/Project/frogery-react/tampered/with_ela/dataset/ela/fake/000057.jpg,1
98,/home/pawan/Project/frogery-react/tampered/with_ela/dataset/ela/fake/000173.jpg,1
99,/home/pawan/Project/frogery-react/tampered/with_ela/dataset/ela/fake/000030.jpg,1
100,/home/pawan/Project/frogery-react/tampered/with_ela/dataset/ela/fake/000335.jpg,1
101,/home/pawan/Project/frogery-react/tampered/with_ela/dataset/ela/fake/000442.jpg,1
102,/home/pawan/Project/frogery-react/tampered/with_ela/dataset/ela/fake/000380.jpg,1
103,/home/pawan/Project/frogery-react/tampered/with_ela/dataset/ela/fake/000068.jpg,1
104,/home/pawan/Project/frogery-react/tampered/with_ela/dataset/ela/fake/000375.jpg,1
105,/home/pawan/Project/frogery-react/tampered/with_ela/dataset/ela/fake/000192.jpg,1
106,/home/pawan/Project/frogery-react/tampered/with_ela/dataset/ela/fake/000131.jpg,1
107,/home/pawan/Project/frogery-react/tampered/with_ela/dataset/ela/fake/000236.jpg,1
108,/home/pawan/Project/frogery-react/tampered/with_ela/dataset/ela/fake/000340.jpg,1
109,/home/pawan/Project/frogery-react/tampered/with_ela/dataset/ela/fake/000232.jpg,1
110,/home/pawan/Project/frogery-react/tampered/with_ela/dataset/ela/fake/000343.jpg,1
111,/home/pawan/Project/frogery-react/tampered/with_ela/dataset/ela/fake/000269.jpg,1
112,/home/pawan/Project/frogery-react/tampered/with_ela/dataset/ela/fake/000126.jpg,1
113,/home/pawan/Project/frogery-react/tampered/with_ela/dataset/ela/fake/000359.jpg,1
114,/home/pawan/Project/frogery-react/tampered/with_ela/dataset/ela/fake/000050.jpg,1
115,/home/pawan/Project/frogery-react/tampered/with_ela/dataset/ela/fake/000246.jpg,1
116,/home/pawan/Project/frogery-react/tampered/with_ela/dataset/ela/fake/000265.jpg,1
117,/home/pawan/Project/frogery-react/tampered/with_ela/dataset/ela/fake/000079.jpg,1
118,/home/pawan/Project/frogery-react/tampered/with_ela/dataset/ela/fake/000205.jpg,1
119,/home/pawan/Project/frogery-react/tampered/with_ela/dataset/ela/fake/000178.jpg,1
120,/home/pawan/Project/frogery-react/tampered/with_ela/dataset/ela/fake/000428.jpg,1
121,/home/pawan/Project/frogery-react/tampered/with_ela/dataset/ela/fake/000110.jpg,1
122,/home/pawan/Project/frogery-react/tampered/with_ela/dataset/ela/fake/000354.jpg,1
123,/home/pawan/Project/frogery-react/tampered/with_ela/dataset/ela/fake/000417.jpg,1
124,/home/pawan/Project/frogery-react/tampered/with_ela/dataset/ela/fake/000367.jpg,1
125,/home/pawan/Project/frogery-react/tampered/with_ela/dataset/ela/fake/000224.jpg,1
126,/home/pawan/Project/frogery-react/tampered/with_ela/dataset/ela/fake/000010.jpg,1
127,/home/pawan/Project/frogery-react/tampered/with_ela/dataset/ela/fake/000121.jpg,1
128,/home/pawan/Project/frogery-react/tampered/with_ela/dataset/ela/fake/000291.jpg,1
129,/home/pawan/Project/frogery-react/tampered/with_ela/dataset/ela/fake/000038.jpg,1
130,/home/pawan/Project/frogery-react/tampered/with_ela/dataset/ela/fake/000286.jpg,1
131,/home/pawan/Project/frogery-react/tampered/with_ela/dataset/ela/fake/000333.jpg,1
132,/home/pawan/Project/frogery-react/tampered/with_ela/dataset/ela/fake/000156.jpg,1
133,/home/pawan/Project/frogery-react/tampered/with_ela/dataset/ela/fake/000404.jpg,1
134,/home/pawan/Project/frogery-react/tampered/with_ela/dataset/ela/fake/000339.jpg,1
135,/home/pawan/Project/frogery-react/tampered/with_ela/dataset/ela/fake/000123.jpg,1
136,/home/pawan/Project/frogery-react/tampered/with_ela/dataset/ela/fake/000102.jpg,1
137,/home/pawan/Project/frogery-react/tampered/with_ela/dataset/ela/fake/000032.jpg,1
138,/home/pawan/Project/frogery-react/tampered/with_ela/dataset/ela/fake/000108.jpg,1
139,/home/pawan/Project/frogery-react/tampered/with_ela/dataset/ela/fake/000255.jpg,1
140,/home/pawan/Project/frogery-react/tampered/with_ela/dataset/ela/fake/000238.jpg,1
141,/home/pawan/Project/frogery-react/tampered/with_ela/dataset/ela/fake/000067.jpg,1
142,/home/pawan/Project/frogery-react/tampered/with_ela/dataset/ela/fake/000052.jpg,1
143,/home/pawan/Project/frogery-react/tampered/with_ela/dataset/ela/fake/000276.jpg,1
144,/home/pawan/Project/frogery-react/tampered/with_ela/dataset/ela/fake/000422.jpg,1
145,/home/pawan/Project/frogery-react/tampered/with_ela/dataset/ela/fake/000040.jpg,1
146,/home/pawan/Project/frogery-react/tampered/with_ela/dataset/ela/fake/000185.jpg,1
147,/home/pawan/Project/frogery-react/tampered/with_ela/dataset/ela/fake/000336.jpg,1
148,/home/pawan/Project/frogery-react/tampered/with_ela/dataset/ela/fake/000447.jpg,1
149,/home/pawan/Project/frogery-react/tampered/with_ela/dataset/ela/fake/000465.jpg,1
150,/home/pawan/Project/frogery-react/tampered/with_ela/dataset/ela/fake/000248.jpg,1
151,/home/pawan/Project/frogery-react/tampered/with_ela/dataset/ela/fake/000142.jpg,1
152,/home/pawan/Project/frogery-react/tampered/with_ela/dataset/ela/fake/000090.jpg,1
153,/home/pawan/Project/frogery-react/tampered/with_ela/dataset/ela/fake/000296.jpg,1
154,/home/pawan/Project/frogery-react/tampered/with_ela/dataset/ela/fake/000406.jpg,1
155,/home/pawan/Project/frogery-react/tampered/with_ela/dataset/ela/fake/000258.jpg,1
156,/home/pawan/Project/frogery-react/tampered/with_ela/dataset/ela/fake/000212.jpg,1
157,/home/pawan/Project/frogery-react/tampered/with_ela/dataset/ela/fake/000249.jpg,1
158,/home/pawan/Project/frogery-react/tampered/with_ela/dataset/ela/fake/000193.jpg,1
159,/home/pawan/Project/frogery-react/tampered/with_ela/dataset/ela/fake/000243.jpg,1
160,/home/pawan/Project/frogery-react/tampered/with_ela/dataset/ela/fake/000247.jpg,1
161,/home/pawan/Project/frogery-react/tampered/with_ela/dataset/ela/fake/000483.jpg,1
162,/home/pawan/Project/frogery-react/tampered/with_ela/dataset/ela/fake/000018.jpg,1
163,/home/pawan/Project/frogery-react/tampered/with_ela/dataset/ela/fake/000056.jpg,1
164,/home/pawan/Project/frogery-react/tampered/with_ela/dataset/ela/fake/000155.jpg,1
165,/home/pawan/Project/frogery-react/tampered/with_ela/dataset/ela/fake/000222.jpg,1
166,/home/pawan/Project/frogery-react/tampered/with_ela/dataset/ela/fake/000438.jpg,1
167,/home/pawan/Project/frogery-react/tampered/with_ela/dataset/ela/fake/000162.jpg,1
168,/home/pawan/Project/frogery-react/tampered/with_ela/dataset/ela/fake/000484.jpg,1
169,/home/pawan/Project/frogery-react/tampered/with_ela/dataset/ela/fake/000383.jpg,1
170,/home/pawan/Project/frogery-react/tampered/with_ela/dataset/ela/fake/000317.jpg,1
171,/home/pawan/Project/frogery-react/tampered/with_ela/dataset/ela/fake/000261.jpg,1
172,/home/pawan/Project/frogery-react/tampered/with_ela/dataset/ela/fake/000324.jpg,1
173,/home/pawan/Project/frogery-react/tampered/with_ela/dataset/ela/fake/000179.jpg,1
174,/home/pawan/Project/frogery-react/tampered/with_ela/dataset/ela/fake/000147.jpg,1
175,/home/pawan/Project/frogery-react/tampered/with_ela/dataset/ela/fake/000058.jpg,1
176,/home/pawan/Project/frogery-react/tampered/with_ela/dataset/ela/fake/000476.jpg,1
177,/home/pawan/Project/frogery-react/tampered/with_ela/dataset/ela/fake/000191.jpg,1
178,/home/pawan/Project/frogery-react/tampered/with_ela/dataset/ela/fake/000440.jpg,1
179,/home/pawan/Project/frogery-react/tampered/with_ela/dataset/ela/fake/000223.jpg,1
180,/home/pawan/Project/frogery-react/tampered/with_ela/dataset/ela/fake/000274.jpg,1
181,/home/pawan/Project/frogery-react/tampered/with_ela/dataset/ela/fake/000460.jpg,1
182,/home/pawan/Project/frogery-react/tampered/with_ela/dataset/ela/fake/000070.jpg,1
183,/home/pawan/Project/frogery-react/tampered/with_ela/dataset/ela/fake/000331.jpg,1
184,/home/pawan/Project/frogery-react/tampered/with_ela/dataset/ela/fake/000344.jpg,1
185,/home/pawan/Project/frogery-react/tampered/with_ela/dataset/ela/fake/000242.jpg,1
186,/home/pawan/Project/frogery-react/tampered/with_ela/dataset/ela/fake/000434.jpg,1
187,/home/pawan/Project/frogery-react/tampered/with_ela/dataset/ela/fake/000263.jpg,1
188,/home/pawan/Project/frogery-react/tampered/with_ela/dataset/ela/fake/000146.jpg,1
189,/home/pawan/Project/frogery-react/tampered/with_ela/dataset/ela/fake/000399.jpg,1
190,/home/pawan/Project/frogery-react/tampered/with_ela/dataset/ela/fake/000048.jpg,1
191,/home/pawan/Project/frogery-react/tampered/with_ela/dataset/ela/fake/000313.jpg,1
192,/home/pawan/Project/frogery-react/tampered/with_ela/dataset/ela/fake/000158.jpg,1
193,/home/pawan/Project/frogery-react/tampered/with_ela/dataset/ela/fake/000433.jpg,1
194,/home/pawan/Project/frogery-react/tampered/with_ela/dataset/ela/fake/000448.jpg,1
195,/home/pawan/Project/frogery-react/tampered/with_ela/dataset/ela/fake/000356.jpg,1
196,/home/pawan/Project/frogery-react/tampered/with_ela/dataset/ela/fake/000453.jpg,1
197,/home/pawan/Project/frogery-react/tampered/with_ela/dataset/ela/fake/000216.jpg,1
198,/home/pawan/Project/frogery-react/tampered/with_ela/dataset/ela/fake/000393.jpg,1
199,/home/pawan/Project/frogery-react/tampered/with_ela/dataset/ela/fake/000202.jpg,1
200,/home/pawan/Project/frogery-react/tampered/with_ela/dataset/ela/fake/000112.jpg,1
201,/home/pawan/Project/frogery-react/tampered/with_ela/dataset/ela/fake/000309.jpg,1
202,/home/pawan/Project/frogery-react/tampered/with_ela/dataset/ela/fake/000111.jpg,1
203,/home/pawan/Project/frogery-react/tampered/with_ela/dataset/ela/fake/000241.jpg,1
204,/home/pawan/Project/frogery-react/tampered/with_ela/dataset/ela/fake/000432.jpg,1
205,/home/pawan/Project/frogery-react/tampered/with_ela/dataset/ela/fake/000167.jpg,1
206,/home/pawan/Project/frogery-react/tampered/with_ela/dataset/ela/fake/000127.jpg,1
207,/home/pawan/Project/frogery-react/tampered/with_ela/dataset/ela/fake/000245.jpg,1
208,/home/pawan/Project/frogery-react/tampered/with_ela/dataset/ela/fake/000346.jpg,1
209,/home/pawan/Project/frogery-react/tampered/with_ela/dataset/ela/fake/000053.jpg,1
210,/home/pawan/Project/frogery-react/tampered/with_ela/dataset/ela/fake/000024.jpg,1
211,/home/pawan/Project/frogery-react/tampered/with_ela/dataset/ela/fake/000062.jpg,1
212,/home/pawan/Project/frogery-react/tampered/with_ela/dataset/ela/fake/000266.jpg,1
213,/home/pawan/Project/frogery-react/tampered/with_ela/dataset/ela/fake/000049.jpg,1
214,/home/pawan/Project/frogery-react/tampered/with_ela/dataset/ela/fake/000221.jpg,1
215,/home/pawan/Project/frogery-react/tampered/with_ela/dataset/ela/fake/000458.jpg,1
216,/home/pawan/Project/frogery-react/tampered/with_ela/dataset/ela/fake/000093.jpg,1
217,/home/pawan/Project/frogery-react/tampered/with_ela/dataset/ela/fake/000364.jpg,1
218,/home/pawan/Project/frogery-react/tampered/with_ela/dataset/ela/fake/000078.jpg,1
219,/home/pawan/Project/frogery-react/tampered/with_ela/dataset/ela/fake/000100.jpg,1
220,/home/pawan/Project/frogery-react/tampered/with_ela/dataset/ela/fake/000332.jpg,1
221,/home/pawan/Project/frogery-react/tampered/with_ela/dataset/ela/fake/000125.jpg,1
222,/home/pawan/Project/frogery-react/tampered/with_ela/dataset/ela/fake/000424.jpg,1
223,/home/pawan/Project/frogery-react/tampered/with_ela/dataset/ela/fake/000323.jpg,1
224,/home/pawan/Project/frogery-react/tampered/with_ela/dataset/ela/fake/000151.jpg,1
225,/home/pawan/Project/frogery-react/tampered/with_ela/dataset/ela/fake/000289.jpg,1
226,/home/pawan/Project/frogery-react/tampered/with_ela/dataset/ela/fake/000439.jpg,1
227,/home/pawan/Project/frogery-react/tampered/with_ela/dataset/ela/fake/000378.jpg,1
228,/home/pawan/Project/frogery-react/tampered/with_ela/dataset/ela/fake/000327.jpg,1
229,/home/pawan/Project/frogery-react/tampered/with_ela/dataset/ela/fake/000310.jpg,1
230,/home/pawan/Project/frogery-react/tampered/with_ela/dataset/ela/fake/000320.jpg,1
231,/home/pawan/Project/frogery-react/tampered/with_ela/dataset/ela/fake/000475.jpg,1
232,/home/pawan/Project/frogery-react/tampered/with_ela/dataset/ela/fake/000200.jpg,1
233,/home/pawan/Project/frogery-react/tampered/with_ela/dataset/ela/fake/000429.jpg,1
234,/home/pawan/Project/frogery-react/tampered/with_ela/dataset/ela/fake/000275.jpg,1
235,/home/pawan/Project/frogery-react/tampered/with_ela/dataset/ela/fake/000169.jpg,1
236,/home/pawan/Project/frogery-react/tampered/with_ela/dataset/ela/fake/000400.jpg,1
237,/home/pawan/Project/frogery-react/tampered/with_ela/dataset/ela/fake/000055.jpg,1
238,/home/pawan/Project/frogery-react/tampered/with_ela/dataset/ela/fake/000297.jpg,1
239,/home/pawan/Project/frogery-react/tampered/with_ela/dataset/ela/fake/000072.jpg,1
240,/home/pawan/Project/frogery-react/tampered/with_ela/dataset/ela/fake/000047.jpg,1
241,/home/pawan/Project/frogery-react/tampered/with_ela/dataset/ela/fake/000233.jpg,1
242,/home/pawan/Project/frogery-react/tampered/with_ela/dataset/ela/fake/000036.jpg,1
243,/home/pawan/Project/frogery-react/tampered/with_ela/dataset/ela/fake/000088.jpg,1
244,/home/pawan/Project/frogery-react/tampered/with_ela/dataset/ela/fake/000043.jpg,1
245,/home/pawan/Project/frogery-react/tampered/with_ela/dataset/ela/fake/000487.jpg,1
246,/home/pawan/Project/frogery-react/tampered/with_ela/dataset/ela/fake/000403.jpg,1
247,/home/pawan/Project/frogery-react/tampered/with_ela/dataset/ela/fake/000013.jpg,1
248,/home/pawan/Project/frogery-react/tampered/with_ela/dataset/ela/fake/000109.jpg,1
249,/home/pawan/Project/frogery-react/tampered/with_ela/dataset/ela/fake/000012.jpg,1
250,/home/pawan/Project/frogery-react/tampered/with_ela/dataset/ela/fake/000227.jpg,1
251,/home/pawan/Project/frogery-react/tampered/with_ela/dataset/ela/fake/000363.jpg,1
252,/home/pawan/Project/frogery-react/tampered/with_ela/dataset/ela/fake/000204.jpg,1
253,/home/pawan/Project/frogery-react/tampered/with_ela/dataset/ela/fake/000095.jpg,1
254,/home/pawan/Project/frogery-react/tampered/with_ela/dataset/ela/fake/000379.jpg,1
255,/home/pawan/Project/frogery-react/tampered/with_ela/dataset/ela/fake/000365.jpg,1
256,/home/pawan/Project/frogery-react/tampered/with_ela/dataset/ela/fake/000264.jpg,1
257,/home/pawan/Project/frogery-react/tampered/with_ela/dataset/ela/fake/000337.jpg,1
258,/home/pawan/Project/frogery-react/tampered/with_ela/dataset/ela/fake/000071.jpg,1
259,/home/pawan/Project/frogery-react/tampered/with_ela/dataset/ela/fake/000384.jpg,1
260,/home/pawan/Project/frogery-react/tampered/with_ela/dataset/ela/fake/000083.jpg,1
261,/home/pawan/Project/frogery-react/tampered/with_ela/dataset/ela/fake/000029.jpg,1
262,/home/pawan/Project/frogery-react/tampered/with_ela/dataset/ela/fake/000328.jpg,1
263,/home/pawan/Project/frogery-react/tampered/with_ela/dataset/ela/fake/000353.jpg,1
264,/home/pawan/Project/frogery-react/tampered/with_ela/dataset/ela/fake/000209.jpg,1
265,/home/pawan/Project/frogery-react/tampered/with_ela/dataset/ela/fake/000184.jpg,1
266,/home/pawan/Project/frogery-react/tampered/with_ela/dataset/ela/fake/000486.jpg,1
267,/home/pawan/Project/frogery-react/tampered/with_ela/dataset/ela/fake/000154.jpg,1
268,/home/pawan/Project/frogery-react/tampered/with_ela/dataset/ela/fake/000371.jpg,1
269,/home/pawan/Project/frogery-react/tampered/with_ela/dataset/ela/fake/000153.jpg,1
270,/home/pawan/Project/frogery-react/tampered/with_ela/dataset/ela/fake/000307.jpg,1
271,/home/pawan/Project/frogery-react/tampered/with_ela/dataset/ela/fake/000338.jpg,1
272,/home/pawan/Project/frogery-react/tampered/with_ela/dataset/ela/fake/000171.jpg,1
273,/home/pawan/Project/frogery-react/tampered/with_ela/dataset/ela/fake/000315.jpg,1
274,/home/pawan/Project/frogery-react/tampered/with_ela/dataset/ela/fake/000069.jpg,1
275,/home/pawan/Project/frogery-react/tampered/with_ela/dataset/ela/fake/000431.jpg,1
276,/home/pawan/Project/frogery-react/tampered/with_ela/dataset/ela/fake/000372.jpg,1
277,/home/pawan/Project/frogery-react/tampered/with_ela/dataset/ela/fake/000196.jpg,1
278,/home/pawan/Project/frogery-react/tampered/with_ela/dataset/ela/fake/000397.jpg,1
279,/home/pawan/Project/frogery-react/tampered/with_ela/dataset/ela/fake/000441.jpg,1
280,/home/pawan/Project/frogery-react/tampered/with_ela/dataset/ela/fake/000124.jpg,1
281,/home/pawan/Project/frogery-react/tampered/with_ela/dataset/ela/fake/000450.jpg,1
282,/home/pawan/Project/frogery-react/tampered/with_ela/dataset/ela/fake/000007.jpg,1
283,/home/pawan/Project/frogery-react/tampered/with_ela/dataset/ela/fake/000016.jpg,1
284,/home/pawan/Project/frogery-react/tampered/with_ela/dataset/ela/fake/000168.jpg,1
285,/home/pawan/Project/frogery-react/tampered/with_ela/dataset/ela/fake/000207.jpg,1
286,/home/pawan/Project/frogery-react/tampered/with_ela/dataset/ela/fake/000145.jpg,1
287,/home/pawan/Project/frogery-react/tampered/with_ela/dataset/ela/fake/000051.jpg,1
288,/home/pawan/Project/frogery-react/tampered/with_ela/dataset/ela/fake/000215.jpg,1
289,/home/pawan/Project/frogery-react/tampered/with_ela/dataset/ela/fake/000195.jpg,1
290,/home/pawan/Project/frogery-react/tampered/with_ela/dataset/ela/fake/000345.jpg,1
291,/home/pawan/Project/frogery-react/tampered/with_ela/dataset/ela/fake/000228.jpg,1
292,/home/pawan/Project/frogery-react/tampered/with_ela/dataset/ela/fake/000272.jpg,1
293,/home/pawan/Project/frogery-react/tampered/with_ela/dataset/ela/fake/000284.jpg,1
294,/home/pawan/Project/frogery-react/tampered/with_ela/dataset/ela/fake/000414.jpg,1
295,/home/pawan/Project/frogery-react/tampered/with_ela/dataset/ela/fake/000409.jpg,1
296,/home/pawan/Project/frogery-react/tampered/with_ela/dataset/ela/fake/000144.jpg,1
297,/home/pawan/Project/frogery-react/tampered/with_ela/dataset/ela/fake/000468.jpg,1
298,/home/pawan/Project/frogery-react/tampered/with_ela/dataset/ela/fake/000418.jpg,1
299,/home/pawan/Project/frogery-react/tampered/with_ela/dataset/ela/fake/000421.jpg,1
300,/home/pawan/Project/frogery-react/tampered/with_ela/dataset/ela/fake/000097.jpg,1
301,/home/pawan/Project/frogery-react/tampered/with_ela/dataset/ela/fake/000282.jpg,1
302,/home/pawan/Project/frogery-react/tampered/with_ela/dataset/ela/fake/000481.jpg,1
303,/home/pawan/Project/frogery-react/tampered/with_ela/dataset/ela/fake/000366.jpg,1
304,/home/pawan/Project/frogery-react/tampered/with_ela/dataset/ela/fake/000488.jpg,1
305,/home/pawan/Project/frogery-react/tampered/with_ela/dataset/ela/fake/000285.jpg,1
306,/home/pawan/Project/frogery-react/tampered/with_ela/dataset/ela/fake/000437.jpg,1
307,/home/pawan/Project/frogery-react/tampered/with_ela/dataset/ela/fake/000046.jpg,1
308,/home/pawan/Project/frogery-react/tampered/with_ela/dataset/ela/fake/000391.jpg,1
309,/home/pawan/Project/frogery-react/tampered/with_ela/dataset/ela/fake/000415.jpg,1
310,/home/pawan/Project/frogery-react/tampered/with_ela/dataset/ela/fake/000489.jpg,1
311,/home/pawan/Project/frogery-react/tampered/with_ela/dataset/ela/fake/000133.jpg,1
312,/home/pawan/Project/frogery-react/tampered/with_ela/dataset/ela/fake/000166.jpg,1
313,/home/pawan/Project/frogery-react/tampered/with_ela/dataset/ela/fake/000060.jpg,1
314,/home/pawan/Project/frogery-react/tampered/with_ela/dataset/ela/fake/000436.jpg,1
315,/home/pawan/Project/frogery-react/tampered/with_ela/dataset/ela/fake/000410.jpg,1
316,/home/pawan/Project/frogery-react/tampered/with_ela/dataset/ela/fake/000076.jpg,1
317,/home/pawan/Project/frogery-react/tampered/with_ela/dataset/ela/fake/000459.jpg,1
318,/home/pawan/Project/frogery-react/tampered/with_ela/dataset/ela/fake/000280.jpg,1
319,/home/pawan/Project/frogery-react/tampered/with_ela/dataset/ela/fake/000279.jpg,1
320,/home/pawan/Project/frogery-react/tampered/with_ela/dataset/ela/fake/000087.jpg,1
321,/home/pawan/Project/frogery-react/tampered/with_ela/dataset/ela/fake/000449.jpg,1
322,/home/pawan/Project/frogery-react/tampered/with_ela/dataset/ela/fake/000006.jpg,1
323,/home/pawan/Project/frogery-react/tampered/with_ela/dataset/ela/fake/000290.jpg,1
324,/home/pawan/Project/frogery-react/tampered/with_ela/dataset/ela/fake/000234.jpg,1
325,/home/pawan/Project/frogery-react/tampered/with_ela/dataset/ela/fake/000014.jpg,1
326,/home/pawan/Project/frogery-react/tampered/with_ela/dataset/ela/fake/000477.jpg,1
327,/home/pawan/Project/frogery-react/tampered/with_ela/dataset/ela/fake/000473.jpg,1
328,/home/pawan/Project/frogery-react/tampered/with_ela/dataset/ela/fake/000435.jpg,1
329,/home/pawan/Project/frogery-react/tampered/with_ela/dataset/ela/fake/000009.jpg,1
330,/home/pawan/Project/frogery-react/tampered/with_ela/dataset/ela/fake/000008.jpg,1
331,/home/pawan/Project/frogery-react/tampered/with_ela/dataset/ela/fake/000019.jpg,1
332,/home/pawan/Project/frogery-react/tampered/with_ela/dataset/ela/fake/000025.jpg,1
333,/home/pawan/Project/frogery-react/tampered/with_ela/dataset/ela/fake/000103.jpg,1
334,/home/pawan/Project/frogery-react/tampered/with_ela/dataset/ela/fake/000092.jpg,1
335,/home/pawan/Project/frogery-react/tampered/with_ela/dataset/ela/fake/000412.jpg,1
336,/home/pawan/Project/frogery-react/tampered/with_ela/dataset/ela/fake/000381.jpg,1
337,/home/pawan/Project/frogery-react/tampered/with_ela/dataset/ela/fake/000334.jpg,1
338,/home/pawan/Project/frogery-react/tampered/with_ela/dataset/ela/fake/000101.jpg,1
339,/home/pawan/Project/frogery-react/tampered/with_ela/dataset/ela/fake/000480.jpg,1
340,/home/pawan/Project/frogery-react/tampered/with_ela/dataset/ela/fake/000157.jpg,1
341,/home/pawan/Project/frogery-react/tampered/with_ela/dataset/ela/fake/000485.jpg,1
342,/home/pawan/Project/frogery-react/tampered/with_ela/dataset/ela/fake/000105.jpg,1
343,/home/pawan/Project/frogery-react/tampered/with_ela/dataset/ela/fake/000273.jpg,1
344,/home/pawan/Project/frogery-react/tampered/with_ela/dataset/ela/fake/000253.jpg,1
345,/home/pawan/Project/frogery-react/tampered/with_ela/dataset/ela/fake/000413.jpg,1
346,/home/pawan/Project/frogery-react/tampered/with_ela/dataset/ela/fake/000463.jpg,1
347,/home/pawan/Project/frogery-react/tampered/with_ela/dataset/ela/fake/000240.jpg,1
348,/home/pawan/Project/frogery-react/tampered/with_ela/dataset/ela/fake/000130.jpg,1
349,/home/pawan/Project/frogery-react/tampered/with_ela/dataset/ela/fake/000128.jpg,1
350,/home/pawan/Project/frogery-react/tampered/with_ela/dataset/ela/fake/000061.jpg,1
351,/home/pawan/Project/frogery-react/tampered/with_ela/dataset/ela/fake/000164.jpg,1
352,/home/pawan/Project/frogery-react/tampered/with_ela/dataset/ela/fake/000194.jpg,1
353,/home/pawan/Project/frogery-react/tampered/with_ela/dataset/ela/fake/000086.jpg,1
354,/home/pawan/Project/frogery-react/tampered/with_ela/dataset/ela/fake/000325.jpg,1
355,/home/pawan/Project/frogery-react/tampered/with_ela/dataset/ela/fake/000085.jpg,1
356,/home/pawan/Project/frogery-react/tampered/with_ela/dataset/ela/fake/000257.jpg,1
357,/home/pawan/Project/frogery-react/tampered/with_ela/dataset/ela/fake/000386.jpg,1
358,/home/pawan/Project/frogery-react/tampered/with_ela/dataset/ela/fake/000023.jpg,1
359,/home/pawan/Project/frogery-react/tampered/with_ela/dataset/ela/fake/000479.jpg,1
360,/home/pawan/Project/frogery-react/tampered/with_ela/dataset/ela/fake/000041.jpg,1
361,/home/pawan/Project/frogery-react/tampered/with_ela/dataset/ela/fake/000180.jpg,1
362,/home/pawan/Project/frogery-react/tampered/with_ela/dataset/ela/fake/000028.jpg,1
363,/home/pawan/Project/frogery-react/tampered/with_ela/dataset/ela/fake/000262.jpg,1
364,/home/pawan/Project/frogery-react/tampered/with_ela/dataset/ela/fake/000208.jpg,1
365,/home/pawan/Project/frogery-react/tampered/with_ela/dataset/ela/fake/000423.jpg,1
366,/home/pawan/Project/frogery-react/tampered/with_ela/dataset/ela/fake/000302.jpg,1
367,/home/pawan/Project/frogery-react/tampered/with_ela/dataset/ela/fake/000402.jpg,1
368,/home/pawan/Project/frogery-react/tampered/with_ela/dataset/ela/fake/000011.jpg,1
369,/home/pawan/Project/frogery-react/tampered/with_ela/dataset/ela/fake/000392.jpg,1
370,/home/pawan/Project/frogery-react/tampered/with_ela/dataset/ela/fake/000089.jpg,1
371,/home/pawan/Project/frogery-react/tampered/with_ela/dataset/ela/fake/000278.jpg,1
372,/home/pawan/Project/frogery-react/tampered/with_ela/dataset/ela/fake/000054.jpg,1
373,/home/pawan/Project/frogery-react/tampered/with_ela/dataset/ela/fake/000311.jpg,1
374,/home/pawan/Project/frogery-react/tampered/with_ela/dataset/ela/fake/000082.jpg,1
375,/home/pawan/Project/frogery-react/tampered/with_ela/dataset/ela/fake/000349.jpg,1
376,/home/pawan/Project/frogery-react/tampered/with_ela/dataset/ela/fake/000277.jpg,1
377,/home/pawan/Project/frogery-react/tampered/with_ela/dataset/ela/fake/000304.jpg,1
378,/home/pawan/Project/frogery-react/tampered/with_ela/dataset/ela/fake/000271.jpg,1
379,/home/pawan/Project/frogery-react/tampered/with_ela/dataset/ela/fake/000217.jpg,1
380,/home/pawan/Project/frogery-react/tampered/with_ela/dataset/ela/fake/000074.jpg,1
381,/home/pawan/Project/frogery-react/tampered/with_ela/dataset/ela/fake/000129.jpg,1
382,/home/pawan/Project/frogery-react/tampered/with_ela/dataset/ela/fake/000138.jpg,1
383,/home/pawan/Project/frogery-react/tampered/with_ela/dataset/ela/fake/000005.jpg,1
384,/home/pawan/Project/frogery-react/tampered/with_ela/dataset/ela/fake/000198.jpg,1
385,/home/pawan/Project/frogery-react/tampered/with_ela/dataset/ela/fake/000326.jpg,1
386,/home/pawan/Project/frogery-react/tampered/with_ela/dataset/ela/fake/000318.jpg,1
387,/home/pawan/Project/frogery-react/tampered/with_ela/dataset/ela/fake/000118.jpg,1
388,/home/pawan/Project/frogery-react/tampered/with_ela/dataset/ela/fake/000390.jpg,1
389,/home/pawan/Project/frogery-react/tampered/with_ela/dataset/ela/fake/000377.jpg,1
390,/home/pawan/Project/frogery-react/tampered/with_ela/dataset/ela/fake/000148.jpg,1
391,/home/pawan/Project/frogery-react/tampered/with_ela/dataset/ela/fake/000294.jpg,1
392,/home/pawan/Project/frogery-react/tampered/with_ela/dataset/ela/fake/000303.jpg,1
393,/home/pawan/Project/frogery-react/tampered/with_ela/dataset/ela/fake/000355.jpg,1
394,/home/pawan/Project/frogery-react/tampered/with_ela/dataset/ela/fake/000457.jpg,1
395,/home/pawan/Project/frogery-react/tampered/with_ela/dataset/ela/fake/000120.jpg,1
396,/home/pawan/Project/frogery-react/tampered/with_ela/dataset/ela/fake/000376.jpg,1
397,/home/pawan/Project/frogery-react/tampered/with_ela/dataset/ela/fake/000312.jpg,1
398,/home/pawan/Project/frogery-react/tampered/with_ela/dataset/ela/fake/000045.jpg,1
399,/home/pawan/Project/frogery-react/tampered/with_ela/dataset/ela/fake/000471.jpg,1
400,/home/pawan/Project/frogery-react/tampered/with_ela/dataset/ela/fake/000034.jpg,1
401,/home/pawan/Project/frogery-react/tampered/with_ela/dataset/ela/fake/000163.jpg,1
402,/home/pawan/Project/frogery-react/tampered/with_ela/dataset/ela/fake/000281.jpg,1
403,/home/pawan/Project/frogery-react/tampered/with_ela/dataset/ela/fake/000352.jpg,1
404,/home/pawan/Project/frogery-react/tampered/with_ela/dataset/ela/fake/000064.jpg,1
405,/home/pawan/Project/frogery-react/tampered/with_ela/dataset/ela/fake/000139.jpg,1
406,/home/pawan/Project/frogery-react/tampered/with_ela/dataset/ela/fake/000373.jpg,1
407,/home/pawan/Project/frogery-react/tampered/with_ela/dataset/ela/fake/000141.jpg,1
408,/home/pawan/Project/frogery-react/tampered/with_ela/dataset/ela/fake/000358.jpg,1
409,/home/pawan/Project/frogery-react/tampered/with_ela/dataset/ela/fake/000295.jpg,1
410,/home/pawan/Project/frogery-react/tampered/with_ela/dataset/ela/fake/000077.jpg,1
411,/home/pawan/Project/frogery-react/tampered/with_ela/dataset/ela/fake/000218.jpg,1
412,/home/pawan/Project/frogery-react/tampered/with_ela/dataset/ela/fake/000230.jpg,1
413,/home/pawan/Project/frogery-react/tampered/with_ela/dataset/ela/fake/000350.jpg,1
414,/home/pawan/Project/frogery-react/tampered/with_ela/dataset/ela/fake/000201.jpg,1
415,/home/pawan/Project/frogery-react/tampered/with_ela/dataset/ela/fake/000293.jpg,1
416,/home/pawan/Project/frogery-react/tampered/with_ela/dataset/ela/fake/000292.jpg,1
417,/home/pawan/Project/frogery-react/tampered/with_ela/dataset/ela/fake/000237.jpg,1
418,/home/pawan/Project/frogery-react/tampered/with_ela/dataset/ela/fake/000001.jpg,1
419,/home/pawan/Project/frogery-react/tampered/with_ela/dataset/ela/fake/000106.jpg,1
420,/home/pawan/Project/frogery-react/tampered/with_ela/dataset/ela/fake/000298.jpg,1
421,/home/pawan/Project/frogery-react/tampered/with_ela/dataset/ela/fake/000330.jpg,1
422,/home/pawan/Project/frogery-react/tampered/with_ela/dataset/ela/fake/000002.jpg,1
423,/home/pawan/Project/frogery-react/tampered/with_ela/dataset/ela/fake/000199.jpg,1
424,/home/pawan/Project/frogery-react/tampered/with_ela/dataset/ela/fake/000385.jpg,1
425,/home/pawan/Project/frogery-react/tampered/with_ela/dataset/ela/fake/000425.jpg,1
426,/home/pawan/Project/frogery-react/tampered/with_ela/dataset/ela/fake/000099.jpg,1
427,/home/pawan/Project/frogery-react/tampered/with_ela/dataset/ela/fake/000211.jpg,1
428,/home/pawan/Project/frogery-react/tampered/with_ela/dataset/ela/fake/000474.jpg,1
429,/home/pawan/Project/frogery-react/tampered/with_ela/dataset/ela/fake/000244.jpg,1
430,/home/pawan/Project/frogery-react/tampered/with_ela/dataset/ela/fake/000408.jpg,1
431,/home/pawan/Project/frogery-react/tampered/with_ela/dataset/ela/fake/000119.jpg,1
432,/home/pawan/Project/frogery-react/tampered/with_ela/dataset/ela/fake/000348.jpg,1
433,/home/pawan/Project/frogery-react/tampered/with_ela/dataset/ela/fake/000137.jpg,1
434,/home/pawan/Project/frogery-react/tampered/with_ela/dataset/ela/fake/000341.jpg,1
435,/home/pawan/Project/frogery-react/tampered/with_ela/dataset/ela/fake/000017.jpg,1
436,/home/pawan/Project/frogery-react/tampered/with_ela/dataset/ela/fake/000299.jpg,1
437,/home/pawan/Project/frogery-react/tampered/with_ela/dataset/ela/fake/000456.jpg,1
438,/home/pawan/Project/frogery-react/tampered/with_ela/dataset/ela/fake/000175.jpg,1
439,/home/pawan/Project/frogery-react/tampered/with_ela/dataset/ela/fake/000073.jpg,1
440,/home/pawan/Project/frogery-react/tampered/with_ela/dataset/ela/fake/000020.jpg,1
441,/home/pawan/Project/frogery-react/tampered/with_ela/dataset/ela/fake/000150.jpg,1
442,/home/pawan/Project/frogery-react/tampered/with_ela/dataset/ela/fake/000197.jpg,1
443,/home/pawan/Project/frogery-react/tampered/with_ela/dataset/ela/fake/000316.jpg,1
444,/home/pawan/Project/frogery-react/tampered/with_ela/dataset/ela/fake/000136.jpg,1
445,/home/pawan/Project/frogery-react/tampered/with_ela/dataset/ela/fake/000444.jpg,1
446,/home/pawan/Project/frogery-react/tampered/with_ela/dataset/ela/fake/000190.jpg,1
447,/home/pawan/Project/frogery-react/tampered/with_ela/dataset/ela/fake/000259.jpg,1
448,/home/pawan/Project/frogery-react/tampered/with_ela/dataset/ela/fake/000254.jpg,1
449,/home/pawan/Project/frogery-react/tampered/with_ela/dataset/ela/fake/000091.jpg,1
450,/home/pawan/Project/frogery-react/tampered/with_ela/dataset/ela/fake/000035.jpg,1
451,/home/pawan/Project/frogery-react/tampered/with_ela/dataset/ela/fake/000183.jpg,1
452,/home/pawan/Project/frogery-react/tampered/with_ela/dataset/ela/fake/000382.jpg,1
453,/home/pawan/Project/frogery-react/tampered/with_ela/dataset/ela/fake/000096.jpg,1
454,/home/pawan/Project/frogery-react/tampered/with_ela/dataset/ela/fake/000351.jpg,1
455,/home/pawan/Project/frogery-react/tampered/with_ela/dataset/ela/fake/000080.jpg,1
456,/home/pawan/Project/frogery-react/tampered/with_ela/dataset/ela/fake/000135.jpg,1
457,/home/pawan/Project/frogery-react/tampered/with_ela/dataset/ela/fake/000283.jpg,1
458,/home/pawan/Project/frogery-react/tampered/with_ela/dataset/ela/fake/000235.jpg,1
459,/home/pawan/Project/frogery-react/tampered/with_ela/dataset/ela/fake/000022.jpg,1
460,/home/pawan/Project/frogery-react/tampered/with_ela/dataset/ela/fake/000186.jpg,1
461,/home/pawan/Project/frogery-react/tampered/with_ela/dataset/ela/fake/000464.jpg,1
462,/home/pawan/Project/frogery-react/tampered/with_ela/dataset/ela/fake/000132.jpg,1
463,/home/pawan/Project/frogery-react/tampered/with_ela/dataset/ela/fake/000321.jpg,1
464,/home/pawan/Project/frogery-react/tampered/with_ela/dataset/ela/fake/000210.jpg,1
465,/home/pawan/Project/frogery-react/tampered/with_ela/dataset/ela/fake/000187.jpg,1
466,/home/pawan/Project/frogery-react/tampered/with_ela/dataset/ela/fake/000426.jpg,1
467,/home/pawan/Project/frogery-react/tampered/with_ela/dataset/ela/fake/000250.jpg,1
468,/home/pawan/Project/frogery-react/tampered/with_ela/dataset/ela/fake/000322.jpg,1
469,/home/pawan/Project/frogery-react/tampered/with_ela/dataset/ela/fake/000427.jpg,1
470,/home/pawan/Project/frogery-react/tampered/with_ela/dataset/ela/fake/000015.jpg,1
471,/home/pawan/Project/frogery-react/tampered/with_ela/dataset/ela/fake/000117.jpg,1
472,/home/pawan/Project/frogery-react/tampered/with_ela/dataset/ela/fake/000084.jpg,1
473,/home/pawan/Project/frogery-react/tampered/with_ela/dataset/ela/fake/000066.jpg,1
474,/home/pawan/Project/frogery-react/tampered/with_ela/dataset/ela/fake/000021.jpg,1
475,/home/pawan/Project/frogery-react/tampered/with_ela/dataset/ela/fake/000122.jpg,1
476,/home/pawan/Project/frogery-react/tampered/with_ela/dataset/ela/fake/000420.jpg,1
477,/home/pawan/Project/frogery-react/tampered/with_ela/dataset/ela/fake/000251.jpg,1
478,/home/pawan/Project/frogery-react/tampered/with_ela/dataset/ela/fake/000430.jpg,1
479,/home/pawan/Project/frogery-react/tampered/with_ela/dataset/ela/fake/000305.jpg,1
480,/home/pawan/Project/frogery-react/tampered/with_ela/dataset/ela/fake/000226.jpg,1
481,/home/pawan/Project/frogery-react/tampered/with_ela/dataset/ela/fake/000467.jpg,1
482,/home/pawan/Project/frogery-react/tampered/with_ela/dataset/ela/fake/000482.jpg,1
483,/home/pawan/Project/frogery-react/tampered/with_ela/dataset/ela/fake/000039.jpg,1
484,/home/pawan/Project/frogery-react/tampered/with_ela/dataset/ela/fake/000357.jpg,1
485,/home/pawan/Project/frogery-react/tampered/with_ela/dataset/ela/fake/000268.jpg,1
486,/home/pawan/Project/frogery-react/tampered/with_ela/dataset/ela/fake/000107.jpg,1
487,/home/pawan/Project/frogery-react/tampered/with_ela/dataset/ela/fake/000181.jpg,1
488,/home/pawan/Project/frogery-react/tampered/with_ela/dataset/ela/fake/000152.jpg,1
489,/home/pawan/Project/frogery-react/tampered/with_ela/dataset/ela/real/000765.jpg,0
490,/home/pawan/Project/frogery-react/tampered/with_ela/dataset/ela/real/000593.jpg,0
491,/home/pawan/Project/frogery-react/tampered/with_ela/dataset/ela/real/000655.jpg,0
492,/home/pawan/Project/frogery-react/tampered/with_ela/dataset/ela/real/000866.jpg,0
493,/home/pawan/Project/frogery-react/tampered/with_ela/dataset/ela/real/000538.jpg,0
494,/home/pawan/Project/frogery-react/tampered/with_ela/dataset/ela/real/000856.jpg,0
495,/home/pawan/Project/frogery-react/tampered/with_ela/dataset/ela/real/000798.jpg,0
496,/home/pawan/Project/frogery-react/tampered/with_ela/dataset/ela/real/000711.jpg,0
497,/home/pawan/Project/frogery-react/tampered/with_ela/dataset/ela/real/000642.jpg,0
498,/home/pawan/Project/frogery-react/tampered/with_ela/dataset/ela/real/000724.jpg,0
499,/home/pawan/Project/frogery-react/tampered/with_ela/dataset/ela/real/000963.jpg,0
500,/home/pawan/Project/frogery-react/tampered/with_ela/dataset/ela/real/000771.jpg,0
501,/home/pawan/Project/frogery-react/tampered/with_ela/dataset/ela/real/000786.jpg,0
502,/home/pawan/Project/frogery-react/tampered/with_ela/dataset/ela/real/000906.jpg,0
503,/home/pawan/Project/frogery-react/tampered/with_ela/dataset/ela/real/000668.jpg,0
504,/home/pawan/Project/frogery-react/tampered/with_ela/dataset/ela/real/000787.jpg,0
505,/home/pawan/Project/frogery-react/tampered/with_ela/dataset/ela/real/000635.jpg,0
506,/home/pawan/Project/frogery-react/tampered/with_ela/dataset/ela/real/000899.jpg,0
507,/home/pawan/Project/frogery-react/tampered/with_ela/dataset/ela/real/000650.jpg,0
508,/home/pawan/Project/frogery-react/tampered/with_ela/dataset/ela/real/000684.jpg,0
509,/home/pawan/Project/frogery-react/tampered/with_ela/dataset/ela/real/000888.jpg,0
510,/home/pawan/Project/frogery-react/tampered/with_ela/dataset/ela/real/000496.jpg,0
511,/home/pawan/Project/frogery-react/tampered/with_ela/dataset/ela/real/000723.jpg,0
512,/home/pawan/Project/frogery-react/tampered/with_ela/dataset/ela/real/000524.jpg,0
513,/home/pawan/Project/frogery-react/tampered/with_ela/dataset/ela/real/000518.jpg,0
514,/home/pawan/Project/frogery-react/tampered/with_ela/dataset/ela/real/000561.jpg,0
515,/home/pawan/Project/frogery-react/tampered/with_ela/dataset/ela/real/000892.jpg,0
516,/home/pawan/Project/frogery-react/tampered/with_ela/dataset/ela/real/000625.jpg,0
517,/home/pawan/Project/frogery-react/tampered/with_ela/dataset/ela/real/000911.jpg,0
518,/home/pawan/Project/frogery-react/tampered/with_ela/dataset/ela/real/000742.jpg,0
519,/home/pawan/Project/frogery-react/tampered/with_ela/dataset/ela/real/000603.jpg,0
520,/home/pawan/Project/frogery-react/tampered/with_ela/dataset/ela/real/000887.jpg,0
521,/home/pawan/Project/frogery-react/tampered/with_ela/dataset/ela/real/000782.jpg,0
522,/home/pawan/Project/frogery-react/tampered/with_ela/dataset/ela/real/000645.jpg,0
523,/home/pawan/Project/frogery-react/tampered/with_ela/dataset/ela/real/000716.jpg,0
524,/home/pawan/Project/frogery-react/tampered/with_ela/dataset/ela/real/000533.jpg,0
525,/home/pawan/Project/frogery-react/tampered/with_ela/dataset/ela/real/000796.jpg,0
526,/home/pawan/Project/frogery-react/tampered/with_ela/dataset/ela/real/000648.jpg,0
527,/home/pawan/Project/frogery-react/tampered/with_ela/dataset/ela/real/000780.jpg,0
528,/home/pawan/Project/frogery-react/tampered/with_ela/dataset/ela/real/000510.jpg,0
529,/home/pawan/Project/frogery-react/tampered/with_ela/dataset/ela/real/000490.jpg,0
530,/home/pawan/Project/frogery-react/tampered/with_ela/dataset/ela/real/000940.jpg,0
531,/home/pawan/Project/frogery-react/tampered/with_ela/dataset/ela/real/000857.jpg,0
532,/home/pawan/Project/frogery-react/tampered/with_ela/dataset/ela/real/000738.jpg,0
533,/home/pawan/Project/frogery-react/tampered/with_ela/dataset/ela/real/000620.jpg,0
534,/home/pawan/Project/frogery-react/tampered/with_ela/dataset/ela/real/000914.jpg,0
535,/home/pawan/Project/frogery-react/tampered/with_ela/dataset/ela/real/000605.jpg,0
536,/home/pawan/Project/frogery-react/tampered/with_ela/dataset/ela/real/000851.jpg,0
537,/home/pawan/Project/frogery-react/tampered/with_ela/dataset/ela/real/000803.jpg,0
538,/home/pawan/Project/frogery-react/tampered/with_ela/dataset/ela/real/000831.jpg,0
539,/home/pawan/Project/frogery-react/tampered/with_ela/dataset/ela/real/000776.jpg,0
540,/home/pawan/Project/frogery-react/tampered/with_ela/dataset/ela/real/000970.jpg,0
541,/home/pawan/Project/frogery-react/tampered/with_ela/dataset/ela/real/000616.jpg,0
542,/home/pawan/Project/frogery-react/tampered/with_ela/dataset/ela/real/000824.jpg,0
543,/home/pawan/Project/frogery-react/tampered/with_ela/dataset/ela/real/000953.jpg,0
544,/home/pawan/Project/frogery-react/tampered/with_ela/dataset/ela/real/000725.jpg,0
545,/home/pawan/Project/frogery-react/tampered/with_ela/dataset/ela/real/000572.jpg,0
546,/home/pawan/Project/frogery-react/tampered/with_ela/dataset/ela/real/000825.jpg,0
547,/home/pawan/Project/frogery-react/tampered/with_ela/dataset/ela/real/000712.jpg,0
548,/home/pawan/Project/frogery-react/tampered/with_ela/dataset/ela/real/000853.jpg,0
549,/home/pawan/Project/frogery-react/tampered/with_ela/dataset/ela/real/000759.jpg,0
550,/home/pawan/Project/frogery-react/tampered/with_ela/dataset/ela/real/000686.jpg,0
551,/home/pawan/Project/frogery-react/tampered/with_ela/dataset/ela/real/000823.jpg,0
552,/home/pawan/Project/frogery-react/tampered/with_ela/dataset/ela/real/000647.jpg,0
553,/home/pawan/Project/frogery-react/tampered/with_ela/dataset/ela/real/000862.jpg,0
554,/home/pawan/Project/frogery-react/tampered/with_ela/dataset/ela/real/000818.jpg,0
555,/home/pawan/Project/frogery-react/tampered/with_ela/dataset/ela/real/000950.jpg,0
556,/home/pawan/Project/frogery-react/tampered/with_ela/dataset/ela/real/000497.jpg,0
557,/home/pawan/Project/frogery-react/tampered/with_ela/dataset/ela/real/000821.jpg,0
558,/home/pawan/Project/frogery-react/tampered/with_ela/dataset/ela/real/000659.jpg,0
559,/home/pawan/Project/frogery-react/tampered/with_ela/dataset/ela/real/000567.jpg,0
560,/home/pawan/Project/frogery-react/tampered/with_ela/dataset/ela/real/000817.jpg,0
561,/home/pawan/Project/frogery-react/tampered/with_ela/dataset/ela/real/000644.jpg,0
562,/home/pawan/Project/frogery-react/tampered/with_ela/dataset/ela/real/000855.jpg,0
563,/home/pawan/Project/frogery-react/tampered/with_ela/dataset/ela/real/000568.jpg,0
564,/home/pawan/Project/frogery-react/tampered/with_ela/dataset/ela/real/000807.jpg,0
565,/home/pawan/Project/frogery-react/tampered/with_ela/dataset/ela/real/000845.jpg,0
566,/home/pawan/Project/frogery-react/tampered/with_ela/dataset/ela/real/000964.jpg,0
567,/home/pawan/Project/frogery-react/tampered/with_ela/dataset/ela/real/000813.jpg,0
568,/home/pawan/Project/frogery-react/tampered/with_ela/dataset/ela/real/000587.jpg,0
569,/home/pawan/Project/frogery-react/tampered/with_ela/dataset/ela/real/000737.jpg,0
570,/home/pawan/Project/frogery-react/tampered/with_ela/dataset/ela/real/000512.jpg,0
571,/home/pawan/Project/frogery-react/tampered/with_ela/dataset/ela/real/000667.jpg,0
572,/home/pawan/Project/frogery-react/tampered/with_ela/dataset/ela/real/000931.jpg,0
573,/home/pawan/Project/frogery-react/tampered/with_ela/dataset/ela/real/000657.jpg,0
574,/home/pawan/Project/frogery-react/tampered/with_ela/dataset/ela/real/000665.jpg,0
575,/home/pawan/Project/frogery-react/tampered/with_ela/dataset/ela/real/000531.jpg,0
576,/home/pawan/Project/frogery-react/tampered/with_ela/dataset/ela/real/000500.jpg,0
577,/home/pawan/Project/frogery-react/tampered/with_ela/dataset/ela/real/000495.jpg,0
578,/home/pawan/Project/frogery-react/tampered/with_ela/dataset/ela/real/000556.jpg,0
579,/home/pawan/Project/frogery-react/tampered/with_ela/dataset/ela/real/000733.jpg,0
580,/home/pawan/Project/frogery-react/tampered/with_ela/dataset/ela/real/000588.jpg,0
581,/home/pawan/Project/frogery-react/tampered/with_ela/dataset/ela/real/000551.jpg,0
582,/home/pawan/Project/frogery-react/tampered/with_ela/dataset/ela/real/000637.jpg,0
583,/home/pawan/Project/frogery-react/tampered/with_ela/dataset/ela/real/000662.jpg,0
584,/home/pawan/Project/frogery-react/tampered/with_ela/dataset/ela/real/000830.jpg,0
585,/home/pawan/Project/frogery-react/tampered/with_ela/dataset/ela/real/000827.jpg,0
586,/home/pawan/Project/frogery-react/tampered/with_ela/dataset/ela/real/000948.jpg,0
587,/home/pawan/Project/frogery-react/tampered/with_ela/dataset/ela/real/000576.jpg,0
588,/home/pawan/Project/frogery-react/tampered/with_ela/dataset/ela/real/000691.jpg,0
589,/home/pawan/Project/frogery-react/tampered/with_ela/dataset/ela/real/000498.jpg,0
590,/home/pawan/Project/frogery-react/tampered/with_ela/dataset/ela/real/000890.jpg,0
591,/home/pawan/Project/frogery-react/tampered/with_ela/dataset/ela/real/000580.jpg,0
592,/home/pawan/Project/frogery-react/tampered/with_ela/dataset/ela/real/000895.jpg,0
593,/home/pawan/Project/frogery-react/tampered/with_ela/dataset/ela/real/000714.jpg,0
594,/home/pawan/Project/frogery-react/tampered/with_ela/dataset/ela/real/000596.jpg,0
595,/home/pawan/Project/frogery-react/tampered/with_ela/dataset/ela/real/000872.jpg,0
596,/home/pawan/Project/frogery-react/tampered/with_ela/dataset/ela/real/000920.jpg,0
597,/home/pawan/Project/frogery-react/tampered/with_ela/dataset/ela/real/000834.jpg,0
598,/home/pawan/Project/frogery-react/tampered/with_ela/dataset/ela/real/000903.jpg,0
599,/home/pawan/Project/frogery-react/tampered/with_ela/dataset/ela/real/000976.jpg,0
600,/home/pawan/Project/frogery-react/tampered/with_ela/dataset/ela/real/000944.jpg,0
601,/home/pawan/Project/frogery-react/tampered/with_ela/dataset/ela/real/000875.jpg,0
602,/home/pawan/Project/frogery-react/tampered/with_ela/dataset/ela/real/000539.jpg,0
603,/home/pawan/Project/frogery-react/tampered/with_ela/dataset/ela/real/000841.jpg,0
604,/home/pawan/Project/frogery-react/tampered/with_ela/dataset/ela/real/000663.jpg,0
605,/home/pawan/Project/frogery-react/tampered/with_ela/dataset/ela/real/000785.jpg,0
606,/home/pawan/Project/frogery-react/tampered/with_ela/dataset/ela/real/000968.jpg,0
607,/home/pawan/Project/frogery-react/tampered/with_ela/dataset/ela/real/000734.jpg,0
608,/home/pawan/Project/frogery-react/tampered/with_ela/dataset/ela/real/000550.jpg,0
609,/home/pawan/Project/frogery-react/tampered/with_ela/dataset/ela/real/000536.jpg,0
610,/home/pawan/Project/frogery-react/tampered/with_ela/dataset/ela/real/000649.jpg,0
611,/home/pawan/Project/frogery-react/tampered/with_ela/dataset/ela/real/000736.jpg,0
612,/home/pawan/Project/frogery-react/tampered/with_ela/dataset/ela/real/000542.jpg,0
613,/home/pawan/Project/frogery-react/tampered/with_ela/dataset/ela/real/000656.jpg,0
614,/home/pawan/Project/frogery-react/tampered/with_ela/dataset/ela/real/000704.jpg,0
615,/home/pawan/Project/frogery-react/tampered/with_ela/dataset/ela/real/000547.jpg,0
616,/home/pawan/Project/frogery-react/tampered/with_ela/dataset/ela/real/000682.jpg,0
617,/home/pawan/Project/frogery-react/tampered/with_ela/dataset/ela/real/000959.jpg,0
618,/home/pawan/Project/frogery-react/tampered/with_ela/dataset/ela/real/000599.jpg,0
619,/home/pawan/Project/frogery-react/tampered/with_ela/dataset/ela/real/000822.jpg,0
620,/home/pawan/Project/frogery-react/tampered/with_ela/dataset/ela/real/000789.jpg,0
621,/home/pawan/Project/frogery-react/tampered/with_ela/dataset/ela/real/000962.jpg,0
622,/home/pawan/Project/frogery-react/tampered/with_ela/dataset/ela/real/000757.jpg,0
623,/home/pawan/Project/frogery-react/tampered/with_ela/dataset/ela/real/000721.jpg,0
624,/home/pawan/Project/frogery-react/tampered/with_ela/dataset/ela/real/000972.jpg,0
625,/home/pawan/Project/frogery-react/tampered/with_ela/dataset/ela/real/000503.jpg,0
626,/home/pawan/Project/frogery-react/tampered/with_ela/dataset/ela/real/000882.jpg,0
627,/home/pawan/Project/frogery-react/tampered/with_ela/dataset/ela/real/000773.jpg,0
628,/home/pawan/Project/frogery-react/tampered/with_ela/dataset/ela/real/000947.jpg,0
629,/home/pawan/Project/frogery-react/tampered/with_ela/dataset/ela/real/000679.jpg,0
630,/home/pawan/Project/frogery-react/tampered/with_ela/dataset/ela/real/000849.jpg,0
631,/home/pawan/Project/frogery-react/tampered/with_ela/dataset/ela/real/000753.jpg,0
632,/home/pawan/Project/frogery-react/tampered/with_ela/dataset/ela/real/000840.jpg,0
633,/home/pawan/Project/frogery-react/tampered/with_ela/dataset/ela/real/000520.jpg,0
634,/home/pawan/Project/frogery-react/tampered/with_ela/dataset/ela/real/000923.jpg,0
635,/home/pawan/Project/frogery-react/tampered/with_ela/dataset/ela/real/000565.jpg,0
636,/home/pawan/Project/frogery-react/tampered/with_ela/dataset/ela/real/000870.jpg,0
637,/home/pawan/Project/frogery-react/tampered/with_ela/dataset/ela/real/000694.jpg,0
638,/home/pawan/Project/frogery-react/tampered/with_ela/dataset/ela/real/000559.jpg,0
639,/home/pawan/Project/frogery-react/tampered/with_ela/dataset/ela/real/000791.jpg,0
640,/home/pawan/Project/frogery-react/tampered/with_ela/dataset/ela/real/000945.jpg,0
641,/home/pawan/Project/frogery-react/tampered/with_ela/dataset/ela/real/000688.jpg,0
642,/home/pawan/Project/frogery-react/tampered/with_ela/dataset/ela/real/000835.jpg,0
643,/home/pawan/Project/frogery-react/tampered/with_ela/dataset/ela/real/000879.jpg,0
644,/home/pawan/Project/frogery-react/tampered/with_ela/dataset/ela/real/000522.jpg,0
645,/home/pawan/Project/frogery-react/tampered/with_ela/dataset/ela/real/000910.jpg,0
646,/home/pawan/Project/frogery-react/tampered/with_ela/dataset/ela/real/000863.jpg,0
647,/home/pawan/Project/frogery-react/tampered/with_ela/dataset/ela/real/000859.jpg,0
648,/home/pawan/Project/frogery-react/tampered/with_ela/dataset/ela/real/000707.jpg,0
649,/home/pawan/Project/frogery-react/tampered/with_ela/dataset/ela/real/000800.jpg,0
650,/home/pawan/Project/frogery-react/tampered/with_ela/dataset/ela/real/000629.jpg,0
651,/home/pawan/Project/frogery-react/tampered/with_ela/dataset/ela/real/000768.jpg,0
652,/home/pawan/Project/frogery-react/tampered/with_ela/dataset/ela/real/000493.jpg,0
653,/home/pawan/Project/frogery-react/tampered/with_ela/dataset/ela/real/000876.jpg,0
654,/home/pawan/Project/frogery-react/tampered/with_ela/dataset/ela/real/000934.jpg,0
655,/home/pawan/Project/frogery-react/tampered/with_ela/dataset/ela/real/000799.jpg,0
656,/home/pawan/Project/frogery-react/tampered/with_ela/dataset/ela/real/000517.jpg,0
657,/home/pawan/Project/frogery-react/tampered/with_ela/dataset/ela/real/000652.jpg,0
658,/home/pawan/Project/frogery-react/tampered/with_ela/dataset/ela/real/000689.jpg,0
659,/home/pawan/Project/frogery-react/tampered/with_ela/dataset/ela/real/000919.jpg,0
660,/home/pawan/Project/frogery-react/tampered/with_ela/dataset/ela/real/000709.jpg,0
661,/home/pawan/Project/frogery-react/tampered/with_ela/dataset/ela/real/000609.jpg,0
662,/home/pawan/Project/frogery-react/tampered/with_ela/dataset/ela/real/000880.jpg,0
663,/home/pawan/Project/frogery-react/tampered/with_ela/dataset/ela/real/000908.jpg,0
664,/home/pawan/Project/frogery-react/tampered/with_ela/dataset/ela/real/000873.jpg,0
665,/home/pawan/Project/frogery-react/tampered/with_ela/dataset/ela/real/000973.jpg,0
666,/home/pawan/Project/frogery-react/tampered/with_ela/dataset/ela/real/000861.jpg,0
667,/home/pawan/Project/frogery-react/tampered/with_ela/dataset/ela/real/000877.jpg,0
668,/home/pawan/Project/frogery-react/tampered/with_ela/dataset/ela/real/000858.jpg,0
669,/home/pawan/Project/frogery-react/tampered/with_ela/dataset/ela/real/000943.jpg,0
670,/home/pawan/Project/frogery-react/tampered/with_ela/dataset/ela/real/000755.jpg,0
671,/home/pawan/Project/frogery-react/tampered/with_ela/dataset/ela/real/000638.jpg,0
672,/home/pawan/Project/frogery-react/tampered/with_ela/dataset/ela/real/000494.jpg,0
673,/home/pawan/Project/frogery-react/tampered/with_ela/dataset/ela/real/000816.jpg,0
674,/home/pawan/Project/frogery-react/tampered/with_ela/dataset/ela/real/000826.jpg,0
675,/home/pawan/Project/frogery-react/tampered/with_ela/dataset/ela/real/000526.jpg,0
676,/home/pawan/Project/frogery-react/tampered/with_ela/dataset/ela/real/000661.jpg,0
677,/home/pawan/Project/frogery-react/tampered/with_ela/dataset/ela/real/000747.jpg,0
678,/home/pawan/Project/frogery-react/tampered/with_ela/dataset/ela/real/000969.jpg,0
679,/home/pawan/Project/frogery-react/tampered/with_ela/dataset/ela/real/000760.jpg,0
680,/home/pawan/Project/frogery-react/tampered/with_ela/dataset/ela/real/000893.jpg,0
681,/home/pawan/Project/frogery-react/tampered/with_ela/dataset/ela/real/000589.jpg,0
682,/home/pawan/Project/frogery-react/tampered/with_ela/dataset/ela/real/000507.jpg,0
683,/home/pawan/Project/frogery-react/tampered/with_ela/dataset/ela/real/000936.jpg,0
684,/home/pawan/Project/frogery-react/tampered/with_ela/dataset/ela/real/000558.jpg,0
685,/home/pawan/Project/frogery-react/tampered/with_ela/dataset/ela/real/000974.jpg,0
686,/home/pawan/Project/frogery-react/tampered/with_ela/dataset/ela/real/000703.jpg,0
687,/home/pawan/Project/frogery-react/tampered/with_ela/dataset/ela/real/000525.jpg,0
688,/home/pawan/Project/frogery-react/tampered/with_ela/dataset/ela/real/000651.jpg,0
689,/home/pawan/Project/frogery-react/tampered/with_ela/dataset/ela/real/000933.jpg,0
690,/home/pawan/Project/frogery-react/tampered/with_ela/dataset/ela/real/000577.jpg,0
691,/home/pawan/Project/frogery-react/tampered/with_ela/dataset/ela/real/000883.jpg,0
692,/home/pawan/Project/frogery-react/tampered/with_ela/dataset/ela/real/000675.jpg,0
693,/home/pawan/Project/frogery-react/tampered/with_ela/dataset/ela/real/000695.jpg,0
694,/home/pawan/Project/frogery-react/tampered/with_ela/dataset/ela/real/000537.jpg,0
695,/home/pawan/Project/frogery-react/tampered/with_ela/dataset/ela/real/000630.jpg,0
696,/home/pawan/Project/frogery-react/tampered/with_ela/dataset/ela/real/000672.jpg,0
697,/home/pawan/Project/frogery-react/tampered/with_ela/dataset/ela/real/000631.jpg,0
698,/home/pawan/Project/frogery-react/tampered/with_ela/dataset/ela/real/000731.jpg,0
699,/home/pawan/Project/frogery-react/tampered/with_ela/dataset/ela/real/000810.jpg,0
700,/home/pawan/Project/frogery-react/tampered/with_ela/dataset/ela/real/000615.jpg,0
701,/home/pawan/Project/frogery-react/tampered/with_ela/dataset/ela/real/000505.jpg,0
702,/home/pawan/Project/frogery-react/tampered/with_ela/dataset/ela/real/000766.jpg,0
703,/home/pawan/Project/frogery-react/tampered/with_ela/dataset/ela/real/000977.jpg,0
704,/home/pawan/Project/frogery-react/tampered/with_ela/dataset/ela/real/000805.jpg,0
705,/home/pawan/Project/frogery-react/tampered/with_ela/dataset/ela/real/000562.jpg,0
706,/home/pawan/Project/frogery-react/tampered/with_ela/dataset/ela/real/000717.jpg,0
707,/home/pawan/Project/frogery-react/tampered/with_ela/dataset/ela/real/000541.jpg,0
708,/home/pawan/Project/frogery-react/tampered/with_ela/dataset/ela/real/000909.jpg,0
709,/home/pawan/Project/frogery-react/tampered/with_ela/dataset/ela/real/000836.jpg,0
710,/home/pawan/Project/frogery-react/tampered/with_ela/dataset/ela/real/000566.jpg,0
711,/home/pawan/Project/frogery-react/tampered/with_ela/dataset/ela/real/000871.jpg,0
712,/home/pawan/Project/frogery-react/tampered/with_ela/dataset/ela/real/000601.jpg,0
713,/home/pawan/Project/frogery-react/tampered/with_ela/dataset/ela/real/000639.jpg,0
714,/home/pawan/Project/frogery-react/tampered/with_ela/dataset/ela/real/000546.jpg,0
715,/home/pawan/Project/frogery-react/tampered/with_ela/dataset/ela/real/000735.jpg,0
716,/home/pawan/Project/frogery-react/tampered/with_ela/dataset/ela/real/000814.jpg,0
717,/home/pawan/Project/frogery-react/tampered/with_ela/dataset/ela/real/000752.jpg,0
718,/home/pawan/Project/frogery-react/tampered/with_ela/dataset/ela/real/000898.jpg,0
719,/home/pawan/Project/frogery-react/tampered/with_ela/dataset/ela/real/000850.jpg,0
720,/home/pawan/Project/frogery-react/tampered/with_ela/dataset/ela/real/000869.jpg,0
721,/home/pawan/Project/frogery-react/tampered/with_ela/dataset/ela/real/000600.jpg,0
722,/home/pawan/Project/frogery-react/tampered/with_ela/dataset/ela/real/000954.jpg,0
723,/home/pawan/Project/frogery-react/tampered/with_ela/dataset/ela/real/000504.jpg,0
724,/home/pawan/Project/frogery-react/tampered/with_ela/dataset/ela/real/000598.jpg,0
725,/home/pawan/Project/frogery-react/tampered/with_ela/dataset/ela/real/000952.jpg,0
726,/home/pawan/Project/frogery-react/tampered/with_ela/dataset/ela/real/000646.jpg,0
727,/home/pawan/Project/frogery-react/tampered/with_ela/dataset/ela/real/000535.jpg,0
728,/home/pawan/Project/frogery-react/tampered/with_ela/dataset/ela/real/000886.jpg,0
729,/home/pawan/Project/frogery-react/tampered/with_ela/dataset/ela/real/000643.jpg,0
730,/home/pawan/Project/frogery-react/tampered/with_ela/dataset/ela/real/000594.jpg,0
731,/home/pawan/Project/frogery-react/tampered/with_ela/dataset/ela/real/000804.jpg,0
732,/home/pawan/Project/frogery-react/tampered/with_ela/dataset/ela/real/000905.jpg,0
733,/home/pawan/Project/frogery-react/tampered/with_ela/dataset/ela/real/000797.jpg,0
734,/home/pawan/Project/frogery-react/tampered/with_ela/dataset/ela/real/000685.jpg,0
735,/home/pawan/Project/frogery-react/tampered/with_ela/dataset/ela/real/000654.jpg,0
736,/home/pawan/Project/frogery-react/tampered/with_ela/dataset/ela/real/000852.jpg,0
737,/home/pawan/Project/frogery-react/tampered/with_ela/dataset/ela/real/000894.jpg,0
738,/home/pawan/Project/frogery-react/tampered/with_ela/dataset/ela/real/000713.jpg,0
739,/home/pawan/Project/frogery-react/tampered/with_ela/dataset/ela/real/000928.jpg,0
740,/home/pawan/Project/frogery-react/tampered/with_ela/dataset/ela/real/000611.jpg,0
741,/home/pawan/Project/frogery-react/tampered/with_ela/dataset/ela/real/000732.jpg,0
742,/home/pawan/Project/frogery-react/tampered/with_ela/dataset/ela/real/000916.jpg,0
743,/home/pawan/Project/frogery-react/tampered/with_ela/dataset/ela/real/000740.jpg,0
744,/home/pawan/Project/frogery-react/tampered/with_ela/dataset/ela/real/000613.jpg,0
745,/home/pawan/Project/frogery-react/tampered/with_ela/dataset/ela/real/000618.jpg,0
746,/home/pawan/Project/frogery-react/tampered/with_ela/dataset/ela/real/000770.jpg,0
747,/home/pawan/Project/frogery-react/tampered/with_ela/dataset/ela/real/000706.jpg,0
748,/home/pawan/Project/frogery-react/tampered/with_ela/dataset/ela/real/000965.jpg,0
749,/home/pawan/Project/frogery-react/tampered/with_ela/dataset/ela/real/000702.jpg,0
750,/home/pawan/Project/frogery-react/tampered/with_ela/dataset/ela/real/000792.jpg,0
751,/home/pawan/Project/frogery-react/tampered/with_ela/dataset/ela/real/000543.jpg,0
752,/home/pawan/Project/frogery-react/tampered/with_ela/dataset/ela/real/000529.jpg,0
753,/home/pawan/Project/frogery-react/tampered/with_ela/dataset/ela/real/000891.jpg,0
754,/home/pawan/Project/frogery-react/tampered/with_ela/dataset/ela/real/000751.jpg,0
755,/home/pawan/Project/frogery-react/tampered/with_ela/dataset/ela/real/000514.jpg,0
756,/home/pawan/Project/frogery-react/tampered/with_ela/dataset/ela/real/000843.jpg,0
757,/home/pawan/Project/frogery-react/tampered/with_ela/dataset/ela/real/000664.jpg,0
758,/home/pawan/Project/frogery-react/tampered/with_ela/dataset/ela/real/000837.jpg,0
759,/home/pawan/Project/frogery-react/tampered/with_ela/dataset/ela/real/000745.jpg,0
760,/home/pawan/Project/frogery-react/tampered/with_ela/dataset/ela/real/000698.jpg,0
761,/home/pawan/Project/frogery-react/tampered/with_ela/dataset/ela/real/000729.jpg,0
762,/home/pawan/Project/frogery-react/tampered/with_ela/dataset/ela/real/000795.jpg,0
763,/home/pawan/Project/frogery-react/tampered/with_ela/dataset/ela/real/000579.jpg,0
764,/home/pawan/Project/frogery-react/tampered/with_ela/dataset/ela/real/000777.jpg,0
765,/home/pawan/Project/frogery-react/tampered/with_ela/dataset/ela/real/000590.jpg,0
766,/home/pawan/Project/frogery-react/tampered/with_ela/dataset/ela/real/000626.jpg,0
767,/home/pawan/Project/frogery-react/tampered/with_ela/dataset/ela/real/000741.jpg,0
768,/home/pawan/Project/frogery-react/tampered/with_ela/dataset/ela/real/000521.jpg,0
769,/home/pawan/Project/frogery-react/tampered/with_ela/dataset/ela/real/000915.jpg,0
770,/home/pawan/Project/frogery-react/tampered/with_ela/dataset/ela/real/000918.jpg,0
771,/home/pawan/Project/frogery-react/tampered/with_ela/dataset/ela/real/000676.jpg,0
772,/home/pawan/Project/frogery-react/tampered/with_ela/dataset/ela/real/000978.jpg,0
773,/home/pawan/Project/frogery-react/tampered/with_ela/dataset/ela/real/000901.jpg,0
774,/home/pawan/Project/frogery-react/tampered/with_ela/dataset/ela/real/000847.jpg,0
775,/home/pawan/Project/frogery-react/tampered/with_ela/dataset/ela/real/000607.jpg,0
776,/home/pawan/Project/frogery-react/tampered/with_ela/dataset/ela/real/000794.jpg,0
777,/home/pawan/Project/frogery-react/tampered/with_ela/dataset/ela/real/000967.jpg,0
778,/home/pawan/Project/frogery-react/tampered/with_ela/dataset/ela/real/000705.jpg,0
779,/home/pawan/Project/frogery-react/tampered/with_ela/dataset/ela/real/000720.jpg,0
780,/home/pawan/Project/frogery-react/tampered/with_ela/dataset/ela/real/000960.jpg,0
781,/home/pawan/Project/frogery-react/tampered/with_ela/dataset/ela/real/000610.jpg,0
782,/home/pawan/Project/frogery-react/tampered/with_ela/dataset/ela/real/000634.jpg,0
783,/home/pawan/Project/frogery-react/tampered/with_ela/dataset/ela/real/000573.jpg,0
784,/home/pawan/Project/frogery-react/tampered/with_ela/dataset/ela/real/000929.jpg,0
785,/home/pawan/Project/frogery-react/tampered/with_ela/dataset/ela/real/000844.jpg,0
786,/home/pawan/Project/frogery-react/tampered/with_ela/dataset/ela/real/000764.jpg,0
787,/home/pawan/Project/frogery-react/tampered/with_ela/dataset/ela/real/000671.jpg,0
788,/home/pawan/Project/frogery-react/tampered/with_ela/dataset/ela/real/000769.jpg,0
789,/home/pawan/Project/frogery-react/tampered/with_ela/dataset/ela/real/000678.jpg,0
790,/home/pawan/Project/frogery-react/tampered/with_ela/dataset/ela/real/000860.jpg,0
791,/home/pawan/Project/frogery-react/tampered/with_ela/dataset/ela/real/000781.jpg,0
792,/home/pawan/Project/frogery-react/tampered/with_ela/dataset/ela/real/000553.jpg,0
793,/home/pawan/Project/frogery-react/tampered/with_ela/dataset/ela/real/000942.jpg,0
794,/home/pawan/Project/frogery-react/tampered/with_ela/dataset/ela/real/000932.jpg,0
795,/home/pawan/Project/frogery-react/tampered/with_ela/dataset/ela/real/000673.jpg,0
796,/home/pawan/Project/frogery-react/tampered/with_ela/dataset/ela/real/000778.jpg,0
797,/home/pawan/Project/frogery-react/tampered/with_ela/dataset/ela/real/000677.jpg,0
798,/home/pawan/Project/frogery-react/tampered/with_ela/dataset/ela/real/000578.jpg,0
799,/home/pawan/Project/frogery-react/tampered/with_ela/dataset/ela/real/000806.jpg,0
800,/home/pawan/Project/frogery-react/tampered/with_ela/dataset/ela/real/000955.jpg,0
801,/home/pawan/Project/frogery-react/tampered/with_ela/dataset/ela/real/000628.jpg,0
802,/home/pawan/Project/frogery-react/tampered/with_ela/dataset/ela/real/000726.jpg,0
803,/home/pawan/Project/frogery-react/tampered/with_ela/dataset/ela/real/000540.jpg,0
804,/home/pawan/Project/frogery-react/tampered/with_ela/dataset/ela/real/000957.jpg,0
805,/home/pawan/Project/frogery-react/tampered/with_ela/dataset/ela/real/000917.jpg,0
806,/home/pawan/Project/frogery-react/tampered/with_ela/dataset/ela/real/000570.jpg,0
807,/home/pawan/Project/frogery-react/tampered/with_ela/dataset/ela/real/000586.jpg,0
808,/home/pawan/Project/frogery-react/tampered/with_ela/dataset/ela/real/000693.jpg,0
809,/home/pawan/Project/frogery-react/tampered/with_ela/dataset/ela/real/000815.jpg,0
810,/home/pawan/Project/frogery-react/tampered/with_ela/dataset/ela/real/000756.jpg,0
811,/home/pawan/Project/frogery-react/tampered/with_ela/dataset/ela/real/000692.jpg,0
812,/home/pawan/Project/frogery-react/tampered/with_ela/dataset/ela/real/000591.jpg,0
813,/home/pawan/Project/frogery-react/tampered/with_ela/dataset/ela/real/000935.jpg,0
814,/home/pawan/Project/frogery-react/tampered/with_ela/dataset/ela/real/000544.jpg,0
815,/home/pawan/Project/frogery-react/tampered/with_ela/dataset/ela/real/000921.jpg,0
816,/home/pawan/Project/frogery-react/tampered/with_ela/dataset/ela/real/000527.jpg,0
817,/home/pawan/Project/frogery-react/tampered/with_ela/dataset/ela/real/000930.jpg,0
818,/home/pawan/Project/frogery-react/tampered/with_ela/dataset/ela/real/000660.jpg,0
819,/home/pawan/Project/frogery-react/tampered/with_ela/dataset/ela/real/000492.jpg,0
820,/home/pawan/Project/frogery-react/tampered/with_ela/dataset/ela/real/000842.jpg,0
821,/home/pawan/Project/frogery-react/tampered/with_ela/dataset/ela/real/000563.jpg,0
822,/home/pawan/Project/frogery-react/tampered/with_ela/dataset/ela/real/000774.jpg,0
823,/home/pawan/Project/frogery-react/tampered/with_ela/dataset/ela/real/000653.jpg,0
824,/home/pawan/Project/frogery-react/tampered/with_ela/dataset/ela/real/000701.jpg,0
825,/home/pawan/Project/frogery-react/tampered/with_ela/dataset/ela/real/000772.jpg,0
826,/home/pawan/Project/frogery-react/tampered/with_ela/dataset/ela/real/000669.jpg,0
827,/home/pawan/Project/frogery-react/tampered/with_ela/dataset/ela/real/000951.jpg,0
828,/home/pawan/Project/frogery-react/tampered/with_ela/dataset/ela/real/000829.jpg,0
829,/home/pawan/Project/frogery-react/tampered/with_ela/dataset/ela/real/000571.jpg,0
830,/home/pawan/Project/frogery-react/tampered/with_ela/dataset/ela/real/000833.jpg,0
831,/home/pawan/Project/frogery-react/tampered/with_ela/dataset/ela/real/000744.jpg,0
832,/home/pawan/Project/frogery-react/tampered/with_ela/dataset/ela/real/000715.jpg,0
833,/home/pawan/Project/frogery-react/tampered/with_ela/dataset/ela/real/000907.jpg,0
834,/home/pawan/Project/frogery-react/tampered/with_ela/dataset/ela/real/000719.jpg,0
835,/home/pawan/Project/frogery-react/tampered/with_ela/dataset/ela/real/000683.jpg,0
836,/home/pawan/Project/frogery-react/tampered/with_ela/dataset/ela/real/000889.jpg,0
837,/home/pawan/Project/frogery-react/tampered/with_ela/dataset/ela/real/000788.jpg,0
838,/home/pawan/Project/frogery-react/tampered/with_ela/dataset/ela/real/000491.jpg,0
839,/home/pawan/Project/frogery-react/tampered/with_ela/dataset/ela/real/000595.jpg,0
840,/home/pawan/Project/frogery-react/tampered/with_ela/dataset/ela/real/000743.jpg,0
841,/home/pawan/Project/frogery-react/tampered/with_ela/dataset/ela/real/000913.jpg,0
842,/home/pawan/Project/frogery-react/tampered/with_ela/dataset/ela/real/000941.jpg,0
843,/home/pawan/Project/frogery-react/tampered/with_ela/dataset/ela/real/000560.jpg,0
844,/home/pawan/Project/frogery-react/tampered/with_ela/dataset/ela/real/000820.jpg,0
845,/home/pawan/Project/frogery-react/tampered/with_ela/dataset/ela/real/000552.jpg,0
846,/home/pawan/Project/frogery-react/tampered/with_ela/dataset/ela/real/000758.jpg,0
847,/home/pawan/Project/frogery-react/tampered/with_ela/dataset/ela/real/000846.jpg,0
848,/home/pawan/Project/frogery-react/tampered/with_ela/dataset/ela/real/000783.jpg,0
849,/home/pawan/Project/frogery-react/tampered/with_ela/dataset/ela/real/000946.jpg,0
850,/home/pawan/Project/frogery-react/tampered/with_ela/dataset/ela/real/000592.jpg,0
851,/home/pawan/Project/frogery-react/tampered/with_ela/dataset/ela/real/000501.jpg,0
852,/home/pawan/Project/frogery-react/tampered/with_ela/dataset/ela/real/000896.jpg,0
853,/home/pawan/Project/frogery-react/tampered/with_ela/dataset/ela/real/000750.jpg,0
854,/home/pawan/Project/frogery-react/tampered/with_ela/dataset/ela/real/000502.jpg,0
855,/home/pawan/Project/frogery-react/tampered/with_ela/dataset/ela/real/000687.jpg,0
856,/home/pawan/Project/frogery-react/tampered/with_ela/dataset/ela/real/000812.jpg,0
857,/home/pawan/Project/frogery-react/tampered/with_ela/dataset/ela/real/000515.jpg,0
858,/home/pawan/Project/frogery-react/tampered/with_ela/dataset/ela/real/000555.jpg,0
859,/home/pawan/Project/frogery-react/tampered/with_ela/dataset/ela/real/000614.jpg,0
860,/home/pawan/Project/frogery-react/tampered/with_ela/dataset/ela/real/000506.jpg,0
861,/home/pawan/Project/frogery-react/tampered/with_ela/dataset/ela/real/000864.jpg,0
862,/home/pawan/Project/frogery-react/tampered/with_ela/dataset/ela/real/000690.jpg,0
863,/home/pawan/Project/frogery-react/tampered/with_ela/dataset/ela/real/000699.jpg,0
864,/home/pawan/Project/frogery-react/tampered/with_ela/dataset/ela/real/000975.jpg,0
865,/home/pawan/Project/frogery-react/tampered/with_ela/dataset/ela/real/000508.jpg,0
866,/home/pawan/Project/frogery-react/tampered/with_ela/dataset/ela/real/000885.jpg,0
867,/home/pawan/Project/frogery-react/tampered/with_ela/dataset/ela/real/000511.jpg,0
868,/home/pawan/Project/frogery-react/tampered/with_ela/dataset/ela/real/000819.jpg,0
869,/home/pawan/Project/frogery-react/tampered/with_ela/dataset/ela/real/000971.jpg,0
870,/home/pawan/Project/frogery-react/tampered/with_ela/dataset/ela/real/000949.jpg,0
871,/home/pawan/Project/frogery-react/tampered/with_ela/dataset/ela/real/000548.jpg,0
872,/home/pawan/Project/frogery-react/tampered/with_ela/dataset/ela/real/000708.jpg,0
873,/home/pawan/Project/frogery-react/tampered/with_ela/dataset/ela/real/000748.jpg,0
874,/home/pawan/Project/frogery-react/tampered/with_ela/dataset/ela/real/000749.jpg,0
875,/home/pawan/Project/frogery-react/tampered/with_ela/dataset/ela/real/000793.jpg,0
876,/home/pawan/Project/frogery-react/tampered/with_ela/dataset/ela/real/000838.jpg,0
877,/home/pawan/Project/frogery-react/tampered/with_ela/dataset/ela/real/000808.jpg,0
878,/home/pawan/Project/frogery-react/tampered/with_ela/dataset/ela/real/000884.jpg,0
879,/home/pawan/Project/frogery-react/tampered/with_ela/dataset/ela/real/000922.jpg,0
880,/home/pawan/Project/frogery-react/tampered/with_ela/dataset/ela/real/000606.jpg,0
881,/home/pawan/Project/frogery-react/tampered/with_ela/dataset/ela/real/000848.jpg,0
882,/home/pawan/Project/frogery-react/tampered/with_ela/dataset/ela/real/000904.jpg,0
883,/home/pawan/Project/frogery-react/tampered/with_ela/dataset/ela/real/000584.jpg,0
884,/home/pawan/Project/frogery-react/tampered/with_ela/dataset/ela/real/000545.jpg,0
885,/home/pawan/Project/frogery-react/tampered/with_ela/dataset/ela/real/000696.jpg,0
886,/home/pawan/Project/frogery-react/tampered/with_ela/dataset/ela/real/000617.jpg,0
887,/home/pawan/Project/frogery-react/tampered/with_ela/dataset/ela/real/000912.jpg,0
888,/home/pawan/Project/frogery-react/tampered/with_ela/dataset/ela/real/000534.jpg,0
889,/home/pawan/Project/frogery-react/tampered/with_ela/dataset/ela/real/000878.jpg,0
890,/home/pawan/Project/frogery-react/tampered/with_ela/dataset/ela/real/000641.jpg,0
891,/home/pawan/Project/frogery-react/tampered/with_ela/dataset/ela/real/000881.jpg,0
892,/home/pawan/Project/frogery-react/tampered/with_ela/dataset/ela/real/000658.jpg,0
893,/home/pawan/Project/frogery-react/tampered/with_ela/dataset/ela/real/000897.jpg,0
894,/home/pawan/Project/frogery-react/tampered/with_ela/dataset/ela/real/000523.jpg,0
895,/home/pawan/Project/frogery-react/tampered/with_ela/dataset/ela/real/000710.jpg,0
896,/home/pawan/Project/frogery-react/tampered/with_ela/dataset/ela/real/000624.jpg,0
897,/home/pawan/Project/frogery-react/tampered/with_ela/dataset/ela/real/000854.jpg,0
898,/home/pawan/Project/frogery-react/tampered/with_ela/dataset/ela/real/000582.jpg,0
899,/home/pawan/Project/frogery-react/tampered/with_ela/dataset/ela/real/000623.jpg,0
900,/home/pawan/Project/frogery-react/tampered/with_ela/dataset/ela/real/000802.jpg,0
901,/home/pawan/Project/frogery-react/tampered/with_ela/dataset/ela/real/000739.jpg,0
902,/home/pawan/Project/frogery-react/tampered/with_ela/dataset/ela/real/000775.jpg,0
903,/home/pawan/Project/frogery-react/tampered/with_ela/dataset/ela/real/000597.jpg,0
904,/home/pawan/Project/frogery-react/tampered/with_ela/dataset/ela/real/000900.jpg,0
905,/home/pawan/Project/frogery-react/tampered/with_ela/dataset/ela/real/000867.jpg,0
906,/home/pawan/Project/frogery-react/tampered/with_ela/dataset/ela/real/000640.jpg,0
907,/home/pawan/Project/frogery-react/tampered/with_ela/dataset/ela/real/000874.jpg,0
908,/home/pawan/Project/frogery-react/tampered/with_ela/dataset/ela/real/000633.jpg,0
909,/home/pawan/Project/frogery-react/tampered/with_ela/dataset/ela/real/000583.jpg,0
910,/home/pawan/Project/frogery-react/tampered/with_ela/dataset/ela/real/000762.jpg,0
911,/home/pawan/Project/frogery-react/tampered/with_ela/dataset/ela/real/000602.jpg,0
912,/home/pawan/Project/frogery-react/tampered/with_ela/dataset/ela/real/000608.jpg,0
913,/home/pawan/Project/frogery-react/tampered/with_ela/dataset/ela/real/000636.jpg,0
914,/home/pawan/Project/frogery-react/tampered/with_ela/dataset/ela/real/000779.jpg,0
915,/home/pawan/Project/frogery-react/tampered/with_ela/dataset/ela/real/000516.jpg,0
916,/home/pawan/Project/frogery-react/tampered/with_ela/dataset/ela/real/000868.jpg,0
917,/home/pawan/Project/frogery-react/tampered/with_ela/dataset/ela/real/000575.jpg,0
918,/home/pawan/Project/frogery-react/tampered/with_ela/dataset/ela/real/000925.jpg,0
919,/home/pawan/Project/frogery-react/tampered/with_ela/dataset/ela/real/000938.jpg,0
920,/home/pawan/Project/frogery-react/tampered/with_ela/dataset/ela/real/000670.jpg,0
921,/home/pawan/Project/frogery-react/tampered/with_ela/dataset/ela/real/000728.jpg,0
922,/home/pawan/Project/frogery-react/tampered/with_ela/dataset/ela/real/000564.jpg,0
923,/home/pawan/Project/frogery-react/tampered/with_ela/dataset/ela/real/000621.jpg,0
924,/home/pawan/Project/frogery-react/tampered/with_ela/dataset/ela/real/000549.jpg,0
925,/home/pawan/Project/frogery-react/tampered/with_ela/dataset/ela/real/000632.jpg,0
926,/home/pawan/Project/frogery-react/tampered/with_ela/dataset/ela/real/000811.jpg,0
927,/home/pawan/Project/frogery-react/tampered/with_ela/dataset/ela/real/000926.jpg,0
928,/home/pawan/Project/frogery-react/tampered/with_ela/dataset/ela/real/000924.jpg,0
929,/home/pawan/Project/frogery-react/tampered/with_ela/dataset/ela/real/000966.jpg,0
930,/home/pawan/Project/frogery-react/tampered/with_ela/dataset/ela/real/000532.jpg,0
931,/home/pawan/Project/frogery-react/tampered/with_ela/dataset/ela/real/000722.jpg,0
932,/home/pawan/Project/frogery-react/tampered/with_ela/dataset/ela/real/000767.jpg,0
933,/home/pawan/Project/frogery-react/tampered/with_ela/dataset/ela/real/000528.jpg,0
934,/home/pawan/Project/frogery-react/tampered/with_ela/dataset/ela/real/000519.jpg,0
935,/home/pawan/Project/frogery-react/tampered/with_ela/dataset/ela/real/000958.jpg,0
936,/home/pawan/Project/frogery-react/tampered/with_ela/dataset/ela/real/000927.jpg,0
937,/home/pawan/Project/frogery-react/tampered/with_ela/dataset/ela/real/000718.jpg,0
938,/home/pawan/Project/frogery-react/tampered/with_ela/dataset/ela/real/000627.jpg,0
939,/home/pawan/Project/frogery-react/tampered/with_ela/dataset/ela/real/000666.jpg,0
940,/home/pawan/Project/frogery-react/tampered/with_ela/dataset/ela/real/000700.jpg,0
941,/home/pawan/Project/frogery-react/tampered/with_ela/dataset/ela/real/000697.jpg,0
942,/home/pawan/Project/frogery-react/tampered/with_ela/dataset/ela/real/000754.jpg,0
943,/home/pawan/Project/frogery-react/tampered/with_ela/dataset/ela/real/000727.jpg,0
944,/home/pawan/Project/frogery-react/tampered/with_ela/dataset/ela/real/000569.jpg,0
945,/home/pawan/Project/frogery-react/tampered/with_ela/dataset/ela/real/000674.jpg,0
946,/home/pawan/Project/frogery-react/tampered/with_ela/dataset/ela/real/000513.jpg,0
947,/home/pawan/Project/frogery-react/tampered/with_ela/dataset/ela/real/000832.jpg,0
948,/home/pawan/Project/frogery-react/tampered/with_ela/dataset/ela/real/000839.jpg,0
949,/home/pawan/Project/frogery-react/tampered/with_ela/dataset/ela/real/000554.jpg,0
950,/home/pawan/Project/frogery-react/tampered/with_ela/dataset/ela/real/000763.jpg,0
951,/home/pawan/Project/frogery-react/tampered/with_ela/dataset/ela/real/000865.jpg,0
952,/home/pawan/Project/frogery-react/tampered/with_ela/dataset/ela/real/000961.jpg,0
953,/home/pawan/Project/frogery-react/tampered/with_ela/dataset/ela/real/000902.jpg,0
954,/home/pawan/Project/frogery-react/tampered/with_ela/dataset/ela/real/000746.jpg,0
955,/home/pawan/Project/frogery-react/tampered/with_ela/dataset/ela/real/000790.jpg,0
956,/home/pawan/Project/frogery-react/tampered/with_ela/dataset/ela/real/000801.jpg,0
957,/home/pawan/Project/frogery-react/tampered/with_ela/dataset/ela/real/000939.jpg,0
958,/home/pawan/Project/frogery-react/tampered/with_ela/dataset/ela/real/000530.jpg,0
959,/home/pawan/Project/frogery-react/tampered/with_ela/dataset/ela/real/000784.jpg,0
960,/home/pawan/Project/frogery-react/tampered/with_ela/dataset/ela/real/000574.jpg,0
961,/home/pawan/Project/frogery-react/tampered/with_ela/dataset/ela/real/000730.jpg,0
962,/home/pawan/Project/frogery-react/tampered/with_ela/dataset/ela/real/000937.jpg,0
963,/home/pawan/Project/frogery-react/tampered/with_ela/dataset/ela/real/000956.jpg,0
964,/home/pawan/Project/frogery-react/tampered/with_ela/dataset/ela/real/000680.jpg,0
965,/home/pawan/Project/frogery-react/tampered/with_ela/dataset/ela/real/000499.jpg,0
966,/home/pawan/Project/frogery-react/tampered/with_ela/dataset/ela/real/000557.jpg,0
967,/home/pawan/Project/frogery-react/tampered/with_ela/dataset/ela/real/000809.jpg,0
968,/home/pawan/Project/frogery-react/tampered/with_ela/dataset/ela/real/000604.jpg,0
969,/home/pawan/Project/frogery-react/tampered/with_ela/dataset/ela/real/000509.jpg,0
970,/home/pawan/Project/frogery-react/tampered/with_ela/dataset/ela/real/000761.jpg,0
971,/home/pawan/Project/frogery-react/tampered/with_ela/dataset/ela/real/000681.jpg,0
972,/home/pawan/Project/frogery-react/tampered/with_ela/dataset/ela/real/000581.jpg,0
973,/home/pawan/Project/frogery-react/tampered/with_ela/dataset/ela/real/000612.jpg,0
974,/home/pawan/Project/frogery-react/tampered/with_ela/dataset/ela/real/000619.jpg,0
975,/home/pawan/Project/frogery-react/tampered/with_ela/dataset/ela/real/000585.jpg,0
976,/home/pawan/Project/frogery-react/tampered/with_ela/dataset/ela/real/000828.jpg,0
977,/home/pawan/Project/frogery-react/tampered/with_ela/dataset/ela/real/000622.jpg,0
